Workbook

Sheet Sheet1
D1: UNITY UNIVERSITY ADAMA SPECIAL CAMPUS
D2: BUADF/R/10FIRST 2017(2010 E.C) ATTENDANCE FORM
B3: COURSE TITLE:MATHS FOR MANAGEMENT | F3: COURSE NO:MGMT221-----INST--Z
G4: DATE
A5: NO. | B5: NAME | C5: M.NAME | D5: COURSE ADDED | E5: ID.NO
A6: 1 | B6: Alem | C6: Kefylew
A7: 2 | B7: Abenet | C7: Fikadu | E7: 00929/10
A8: 3 | B8: Abenezer | C8: Tsegaye | E8: 00827/10
A9: 4 | B9: Alham | C9: Farid | E9: 00685/10
A10: 5 | B10: Azina | C10: Mulusew | E10: 009331/10
A11: 6 | B11: Bereket | C11: Birahenu
A12: 7 | B12: Betel | C12: Negatu | E12: 00901/10
A13: 8 | B13: Betelhem | C13: Asnake | E13: 00581/10
A14: 9 | B14: Bethelhem | C14: Demissie | E14: 00828/10
A15: 10 | B15: Betelhem | C15: Kindu | E15: 00735/10
A16: 11 | B16: Biftu | C16: Kebede | E16: 00776/10
A17: 12 | B17: Biniyam | C17: Engidaye | E17: 00590/10
A18: 13 | B18: Biniyam | C18: Bayisa | E18: 00925/10
A19: 14 | B19: Biniyam | C19: G/igizabher
A20: 15 | B20: Biruk | C20: Afework | E20: 00926/10
A21: 16 | B21: Besufikad | C21: Tadele | E21: 00224/10
A22: 17 | B22: Dagim | C22: Girma | E22: 00928/10
A23: 18 | B23: Ephrem | C23: Eyasu | E23: 00718/10
A24: 19 | B24: Fison | C24: Mekonnen | E24: 00598/10
A25: 20 | B25: Frehiwot | C25: Demissie | E25: 00757/10
A26: 21 | B26: Hizekael | C26: Shimeles | E26: 00830/10
A27: 22 | B27: Hosana | C27: Gizaw | E27: 00832/10
A28: 23 | B28: Henok | C28: Mekoya | E28: 00853/10
A29: 24 | B29: Kaleab | C29: Awoke | E29: 00927/10
A30: 25 | B30: Mesoud | C30: Merzuk | E30: 00677/10
A31: 26 | B31: Mihret | C31: Gidey | E31: 00945/10
... A33: 28 | B33: Meklit | C33: Girma | E33: 00621/10
A34: 29 | B34: Salahdin | C34: Abu
A35: 30 | B35: Selamawit | C35: Assefa | E35: 00605/10
A36: 31 | B36: Sosina | C36: Tamirat | E36: 00902/10
A37: 32 | B37: Tesfalew | C37: Solomon
A38: 33 | B38: Tewodros | C38: Tesfaye | E38: 00831/10
A39: 34 | B39: Tewoflos | C39: Tebebe | E39: 00681/10
A41: 1 | B41: Abdulkerim | C41: Nesro | E41: 01016/10
A42: 2 | B42: Abel | C42: Ayele | E42: 01008/10
A43: 3 | B43: Abel | C43: Getahun | E43: 00993/10
A44: 4 | B44: Bamlak | C44: Lulseged | E44: 00990/10
A45: 5 | B45: Eman | C45: AbdU | E45: 01012/10
A46: 6 | B46: Eyerusalem | C46: Ayalew | E46: 01018/10
A47: 7 | B47: Firaol | C47: Teshome | E47: 00989/10
A48: 8 | B48: Habtamu | C48: G/igizabher | E48: 01002/10
A49: 9 | B49: Kaleab | C49: Fantahun | E49: 01021/10
A50: 10 | B50: Kewser | C50: Mohammmed | E50: 01013/10
... A55: 15 | B55: AZEB | C55: Shiferaw | E55: 44673/06
A56: 16
C58: SPECIAL CLASS
D59: PAR
C60: ABEL BARISO
D61: 45417/08
B129: COURSE TITLE:PRINCIPLE OF ACCOUNTING I | F129: COURSE NO: | H129: ACFN201 | K129: sec. 1
A130: NO. | B130: NAME | C130: M.NAME | D130: SEX | E130: ID.NO | F130: Monthly Test | I130: ASSIGNMENT | K130: Attend | L130: Total | M130: Final | AA130: Total | AB130: Grade
F131: 0.1 | G131: 0.1 | H131: 0.1 | I131: Ind(10%) | J131: Team(5%) | K131: 0.05 | L131: 0.5 | M131: 0.5 | AA131: 1
A132: 1 | B132: Alem | C132: Kefylew | E132: 00484/10
A133: 2 | B133: Abenet | C133: Fikadu | E133: 00929/10
A134: 3 | B134: Abenezer | C134: Tsegaye | E134: 00827/10
A135: 4 | B135: Azina | C135: Mulusew | E135: 00931/10
A136: 5 | B136: Bereket | C136: Birahenu | E136: 00935/10
A137: 6 | B137: Betelhem | C137: Asnake | E137: 00581/10
A138: 7 | B138: Bethelhem | C138: Demissie | E138: 00828/10
A139: 8 | B139: Biftu | C139: Kebede | E139: 00776/10
A140: 9 | B140: Biniyam | C140: Engidaye | E140: 00590/10
A141: 10 | B141: Biniyam | C141: Bayisa | E141: 00925/10
A142: 11 | B142: Biruk | C142: Afework | E142: 00926/10
A143: 12 | B143: Dagim | C143: Girma | E143: 00928/10
... A161: 30 | B161: Salahdin | C161: Abu | E161: 00679/10
A162: 31 | B162: Tesfalew | C162: Solomon
A163: 32 | B163: Tewodros | C163: Tesfaye | E163: 00831/10
A164: 33 | B164: Tewoflos | C164: Tebebe | E164: 00681/10
A165: 34 | B165: Yohannes | C165: Feleke | E165: 00682/10
A167: 1 | B167: Hanima | C167: Indris | E167: 00004/09
A168: 2 | B168: Kedriya | C168: Alemar | E168: 00424/09
A169: 3
A170: 4
A171: 5
A172: 6
B177: COURSE TITLE:INTRODUCTION TO MANAGEMENT | F177: COURSE NO: | H177: ACFN201 | K177: sec. 1
A178: NO. | B178: NAME | C178: M.NAME | D178: SEX | E178: ID.NO | F178: Monthly Test | I178: ASSIGNMENT | K178: Attend | L178: Total | M178: Final | AA178: Total | AB178: Grade
F179: 0.1 | G179: 0.1 | H179: 0.1 | I179: Ind(10%) | J179: Team(5%) | K179: 0.05 | L179: 0.5 | M179: 0.5 | AA179: 1
A180: 1 | B180: Alem | C180: Kefylew | E180: 00484/10
A181: 2 | B181: Abenet | C181: Fikadu | E181: 00929/10
A182: 3 | B182: Abenezer | C182: Tsegaye | E182: 00827/10
A183: 4 | B183: Azina | C183: Mulusew | E183: 00931/10
A184: 5 | B184: Bereket | C184: Birahenu | E184: 00935/10
A185: 6 | B185: Betelhem | C185: Asnake | E185: 00581/10
A186: 7 | B186: Bethelhem | C186: Demissie | E186: 00828/10
A187: 8 | B187: Biftu | C187: Kebede | E187: 00776/10
A188: 9 | B188: Biniyam | C188: Engidaye | E188: 00590/10
A189: 10 | B189: Biniyam | C189: Bayisa | E189: 00925/10
A190: 11 | B190: Biruk | C190: Afework | E190: 00926/10
A191: 12 | B191: Dagim | C191: Girma | E191: 00928/10
... A196: 17 | B196: Frehiwot | C196: Demissie | E196: 00757/10
A197: 18 | B197: Hizekael | C197: Shimeles
A198: 19 | B198: Hosana | C198: Gizaw | E198: 00559/10
A199: 20 | B199: Kaleab | C199: Awoke | E199: 00927/10
A200: 21 | B200: Mesoud | C200: Merzuk | E200: 00677/10
...

Sheet ATT-MGMT-BUAD-SPECILA CLASS-11
A1: BUAD/R/10
A2: UNITY UNIVERSITY ADAMA SPECIAL CAMPUS
A3: MGMT/BUAD/SPECIAL CLASS/11 1ST SEM. 2019/20 (2012 E.C) ATTENDANCE FORM
A5: COURSE TITLE: Priciple of accounting I | J5: COURSE NO: Acfn 201 | R5: INSTRUCTOR:
A6: NO. | B6: STUDENTS NAME | C6: SEX | D6: ID.NO
A7: 1 | B7: Abenezer Tsegaye Tasew | C7: M | D7: 00827/10
A8: 2 | B8: Ahlam Farid Abdullah | D8: 00685/10
A9: 3 | B9: Amir Mohammednur Abdure | C9: M | D9: 00893/10
A10: 4 | B10: Azinas Mulusew | C10: M | D10: 00931/10
A11: 5 | B11: Bamlak Lulseged Biru | C11: M | D11: 00990/10
A12: 6 | B12: Bekalu Endale Dejene | C12: M | D12: 01078/10
A13: 7 | B13: Betel Negatu Abera | C13: F | D13: 00901/10
A14: 8 | B14: Betelhem Asnake Ademe | C14: F | D14: 00581/10
A15: 9 | B15: Betelhem Demisew Truneh | C15: F | D15: 00828/10
A16: 10 | B16: Betelhem Kindu | C16: F | D16: 00735/10
A17: 11 | B17: Biftu Kebede Abdi | C17: F | D17: 00776/10
A18: 12 | B18: Biniyam Engdaye Baye | C18: M | D18: 00590/10
A19: 13 | B19: Dagim Daniel Worku | C19: M | D19: 01077/10
A20: 14 | B20: Dagim Girma | C20: M | D20: 00928/10
... A24: 18 | B24: Filagot Tesfaye Hile | C24: F | D24: 01462/11
A25: 19 | B25: Firaol Teshome Melka | D25: 00989/10
A26: 20 | B26: Fison Mekonnen Getachew | C26: F | D26: 00598/10
A27: 21 | B27: Frehiwot Demis | C27: F | D27: 00757/10
A28: 22 | B28: Habtamu G/egziabher Redai | C28: M | D28: 01002/10
A29: 23 | B29: Hana Alemayehu Beyecha | C29: F | D29: 00894/10
A30: 24 | B30: Hizkel Shimels Habte | C30: M | D30: 00830/10
A31: 25 | B31: Kaleab Awoke Kebede | C31: M | D31: 00927/10
A32: 26 | B32: Kaleab Fantahun Belay | C32: M | D32: 01021/10
A33: 27 | B33: Kewser Mohammed Seid | C33: F | D33: 01013/10
A34: 28 | B34: Meklit Girma Eshetu | C34: F | D34: 00621/10
A35: 29 | B35: Mesoud Merzuk | C35: M | D35: 00677/10
A36: 30 | B36: Mihret Genene Wolde | C36: F | D36: 00680/10
A37: 31 | B37: Mihret Gidey Abrham | C37: F | D37: 00945//0
... A47: 41 | B47: Yosef Kefyalew Gizaw | C47: M | D47: 01063/10
A48: 42
A49: 43
A50: 44
A51: 45
A52: 46
A53: ADD STUDENTS
A54: NO. | B54: STUDENTS NAME | C54: SEX | D54: ID.NO
A55: 1
A56: 2
A57: 3
A58: 4
A59: 5
A60: 6
A61: 7
A62: 8
A63: UNITY UNIVERSITY ADAMA SPECIAL CAMPUS
A64: MGMT/BUAD/SPECIAL CLASS/11 1ST SEM. 2019/20 (2012 E.C) ATTENDANCE FORM
A66: COURSE TITLE: Financial Management | H66: COURSE NO: Acct 341 | P66: INSTRUCTOR: Fitsum.T
A67: NO. | B67: STUDENTS NAME | C67: SEX | D67: ID.NO
A68: 1 | B68: Abenezer Tsegaye Tasew | C68: M | D68: 00827/10
A69: 2 | B69: Ahlam Farid Abdullah | D69: 00685/10
A70: 3 | B70: Amir Mohammednur Abdure | C70: M | D70: 00893/10
A71: 4 | B71: Azinas Mulusew | C71: M | D71: 00931/10
A72: 5 | B72: Bamlak Lulseged Biru | D72: 00990/10
A73: 6 | B73: Bekalu Endale Dejene | C73: M | D73: 01078/10
A74: 7 | B74: Betel Negatu Abera | C74: F | D74: 00901/10
A75: 8 | B75: Betelhem Asnake Ademe | C75: F | D75: 00581/10
A76: 9 | B76: Betelhem Demisew Truneh | C76: F | D76: 00828/10
A77: 10 | B77: Betelhem Kindu | C77: F | D77: 00735/10
A78: 11 | B78: Biftu Kebede Abdi | C78: F | D78: 00776/10
A79: 12 | B79: Biniyam Engdaye Baye | C79: M | D79: 00590/10
A80: 13 | B80: Biruk Girma Lema | C80: M | D80: 01083/10
A81: 14 | B81: Dagim Daniel Worku | C81: M | D81: 01077/10
A82: 15 | B82: Dagim Girma | C82: M | D82: 00928/10
A83: 16 | B83: Eman Abdu Mohammed | C83: F | D83: 01012/10
A84: 17 | B84: Ephrem Eyasu Abate | C84: M | D84: 00718/10
... A86: 19 | B86: Filagot Tesfaye Haile | C86: F | D86: 01462/11
A87: 20 | B87: Firaol Teshome Melka | D87: 00989/10
A88: 21 | B88: Fison Mekonnen Getachew | C88: F | D88: 00598/10
A89: 22 | B89: Frehiwot Demis | C89: F | D89: 00757/10
A90: 23 | B90: Habtamu G/egziabher Redai | C90: M | D90: 01002/10
A91: 24 | B91: Hana Alemayehu Beyecha | C91: F | D91: 00894/10
A92: 25 | B92: Hizkel Shimels Habte | C92: M | D92: 00830/10
A93: 26 | B93: Kaleab Awoke Kebede | C93: M | D93: 00927/10
A94: 27 | B94: Kaleab Fantahun Belay | C94: M | D94: 01021/10
A95: 28 | B95: Kewser Mohammed Seid | C95: F | D95: 01013/10
A96: 29 | B96: Meklit Girma Eshetu | C96: F | D96: 00621/10
A97: 30 | B97: Mesoud Merzuk | C97: M | D97: 00677/10
A98: 31 | B98: Mihret Genene Wolde | C98: F | D98: 00680/10
A99: 32 | B99: Mihret Gidey Abrham | C99: F | D99: 00945//0
... A109: 42 | B109: Yosef Kefyalew Gizaw | C109: M | D109: 01063/10
A110: 43
A111: 44
A112: 45
A113: 46
A114: 47
A115: 48
A116: 49
A117: 50
A118: ADD STUDENTS
A119: NO. | B119: STUDENTS NAME | C119: SEX | D119: ID.NO
A120: 1
A121: 2
A122: 3
A123: 4
A124: 5
...

Sheet Chart1

Sheet BUAD-R-09
B1: UNITY UNIVERSITY
B2: ADAMA SPECIAL CAMPUS
B3: OFFICE OF REGISTRAR
B4: GRADE SUBMISION FORM
B5: YEAR II SEM II /2018 | G5: =B5 -> YEAR II SEM II /2018
B6: COURSE TITLE: | G6: COURSE TITLE:
B7: MANAGEMENT INFORMATION SYSTEM | G7: =B7 -> MANAGEMENT INFORMATION SYSTEM
B8: COURSENO.MGMT311 | G8: =B8 -> COURSENO.MGMT311
B9: SECTION:BUAD/R/09_1 | G9: =B9 -> SECTION:BUAD/R/09_1
A10: S.N | B10: STUDENTS NAME | C10: ID.NO | D10: GRADE | H10: ID.NO | I10: GRADE
A11: 1 | B11: BESUFEKAD TADELE | C11: 00224/09 | H11: =C11 -> 00224/09
A12: 2 | B12: BETELHEM HAGOS | C12: 00225/09 | E12: Grade Summary | H12: =C12 -> 00225/09
A13: 3 | B13: FETIYA NASIR | C13: 00249/09 | E13: A+'S------ | H13: =C13 -> 00249/09
A14: 4 | B14: FETIYA WEZIR | C14: 00231/09 | E14: A'S | H14: =C14 -> 00231/09
A15: 5 | B15: HAMDI KADIRO | C15: 45599/09 | E15: B+'S----- | H15: =C15 -> 45599/09
A16: 6 | B16: HAMZA HABIBA | C16: 00227/09 | E16: B'S------- | H16: =C16 -> 00227/09
A17: 7 | B17: HANAN ABDO | C17: 00230/09 | E17: C+'S----- | H17: =C17 -> 00230/09
A18: 8 | B18: LEYILA FERIJA | C18: 00226/09 | E18: C'S------ | H18: =C18 -> 00226/09
A19: 9 | B19: LIDIYA AFEWORK | C19: 00362/09 | E19: D'S------ | H19: =C19 -> 00362/09
A20: 10 | B20: MAHLET DEREJE | C20: 00239/09 | E20: NG'S----- | H20: =C20 -> 00239/09
A21: 11 | B21: REKIK TILAHUN | C21: 00242/09 | E21: I'S-------- | H21: =C21 -> 00242/09
A22: 12 | B22: SAMIRA NASIRA | C22: 00220/09 | E22: TOT----- | H22: =C22 -> 00220/09
A23: 13 | B23: TEDI FIKRE | C23: 00324/09 | H23: =C23 -> 00324/09
A24: 14 | B24: TESFALEW SOLOMON | C24: 00413/10 | H24: =C24 -> 00413/10
A25: 15 | B25: YEMARISHET GIRMA | C25: 00229/09 | H25: =C25 -> 00229/09
A26: 16 | B26: YOKABED GOBENA | C26: 00241/09 | H26: =C26 -> 00241/09
B27: ADD STUDENTS | G27: ADD STUDENTS
A28: 1 | B28: HANA MEKONEN | C28: 00287/09 | H28: 00287/09
A29: 2 | B29: RUKIA YIMAM | C29: 00234/09 | H29: 00234/09
A30: 3
A31: 4
A32: 5
A33: 6
A34: 7
B43: UNITY UNIVERSITY
B44: ADAMA SPECIAL CAMPUS
B45: OFFICE OF REGISTRAR
B46: GRADE SUBMISION FORM
B47: YEAR II SEM II /2018 | G47: =B47 -> YEAR II SEM II /2018
B48: COURSE TITLE: | G48: COURSE TITLE:
B49: Financial Accounting II | G49: =B49 -> Financial Accounting II
B50: COURSENO.ACFN232 | G50: =B50 -> COURSENO.ACFN232
B51: SECTION:BUAD/R/09_1 | G51: =B51 -> SECTION:BUAD/R/09_1
A52: S.N | B52: STUDENTS NAME | C52: ID.NO | D52: GRADE | H52: ID.NO | I52: GRADE
A53: 1 | B53: BESUFEKAD TADELE | C53: 00224/09 | H53: =C53 -> 00224/09
A54: 2 | B54: BETELHEM HAGOS | C54: 00225/09 | E54: Grade Summary | H54: =C54 -> 00225/09
A55: 3 | B55: FETIYA NASIR | C55: 00249/09 | E55: A+'S------ | H55: =C55 -> 00249/09
A56: 4 | B56: FETIYA WEZIR | C56: 00231/09 | E56: A'S | H56: =C56 -> 00231/09
A57: 5 | B57: HAMDI KADIRO | C57: 45599/09 | E57: B+'S----- | H57: =C57 -> 45599/09
A58: 6 | B58: HAMZA HABIBA | C58: 00227/09 | E58: B'S------- | H58: =C58 -> 00227/09
A59: 7 | B59: HANAN ABDO | C59: 00230/09 | E59: C+'S----- | H59: =C59 -> 00230/09
A60: 8 | B60: LEYILA FERIJA | C60: 00226/09 | E60: C'S------ | H60: =C60 -> 00226/09
A61: 9 | B61: LIDIYA AFEWORK | C61: 00362/09 | E61: D'S------ | H61: =C61 -> 00362/09
A62: 10 | B62: MAHLET DEREJE | C62: 00239/09 | E62: NG'S----- | H62: =C62 -> 00239/09
A63: 11 | B63: REKIK TILAHUN | C63: 00242/09 | E63: I'S-------- | H63: =C63 -> 00242/09
A64: 12 | B64: SAMIRA NASIRA | C64: 00220/09 | E64: TOT----- | H64: =C64 -> 00220/09
A65: 13 | B65: TEDI FIKRE | C65: 00324/09 | H65: =C65 -> 00324/09
A66: 14 | B66: TESFALEW SOLOMON | C66: 00413/10 | H66: =C66 -> 00413/10
A67: 15 | B67: YEMARISHET GIRMA | C67: 00229/09 | H67: =C67 -> 00229/09
A68: 16 | B68: YOKABED GOBENA | C68: 00241/09 | H68: =C68 -> 00241/09
B69: ADD STUDENTS | G69: ADD STUDENTS
A70: 1 | B70: ABDULHAKIM NEJA | C70: 0442/09 | H70: 0442/09
A71: 2 | B71: AYELE DEMELEW | C71: 00100/09 | H71: 00100/09
A72: 3 | B72: BETELHEM WUBSHET MELAKU | C72: 00250/09 | H72: 00250/09
A73: 4 | B73: BETELHEME BIRHANU | C73: 00164/09 | H73: 00164/09
A74: 5 | B74: BIRUK G/MESKEL | C74: 00393/09 | H74: =C74 -> 00393/09
A75: 6 | B75: FUAD AHEDIN | C75: 00437/09 | H75: 00437/09
A76: 7 | B76: GENET YAI | C76: 00380/09 | H76: 00380/09
A77: 8 | B77: HAYMANOT TEFERI KEBEDE | C77: 00415/09 | H77: 00415/09
A78: 9 | B78: HIWOT MUSE | C78: 00382/09 | H78: 00382/09
A79: 10 | B79: KOKET GUDETA | C79: 00235/09 | H79: 00235/09
A80: 11 | B80: LIDIYA MULUGETA | C80: 00402/04 | H80: 00402/04
A81: 12 | B81: LIYA BEKELE W | C81: 4431/03 | H81: 4431/03
A82: 13 | B82: MERON ESHETU | C82: 00434/09 | H82: 00432/09
A83: 14 | B83: MIHRET TESFAYE | C83: 00029/09 | H83: 00029/09
A84: 15 | B84: MULUKEN ABERA | C84: 00432/09 | H84: 00432/09
A85: 16 | B85: NAFKOT GETINET | C85: 00441/09 | H85: 00441/09
A86: 17 | B86: OLIYAD TESHOME | C86: 00403/09 | H86: 00403/09
A87: 18 | B87: RAHEL LESSE | C87: 45164/09 | H87: =C87 -> 45164/09
A88: 19 | B88: SAMSON KEBEDE AMENESHAW | C88: 00431/09 | H88: 00431/09
A89: 20 | B89: SARA MENGISTU | C89: 00416/09 | H89: 00416/09
A90: 21 | B90: YARED MELESE | C90: 00304/09 | H90: =C90 -> 00304/09
A91: 22 | B91: YEGUNAWORK MERETE | C91: 00445/09 | H91: 00445/09
B96: UNITY UNIVERSITY
B97: ADAMA SPECIAL CAMPUS
B98: OFFICE OF REGISTRAR
B99: GRADE SUBMISION FORM
B100: YEAR II SEM II /2018 | G100: =B100 -> YEAR II SEM II /2018
B101: COURSE TITLE: | G101: COURSE TITLE:
B102: MACROECONOMICS ECONOMICS | G102: =B102 -> MACROECONOMICS ECONOMICS
B103: COURSENO.ECON221 | G103: =B103 -> COURSENO.ECON221
B104: SECTION:BUAD/R/09_1 | G104: =B104 -> SECTION:BUAD/R/09_1
A105: S.N | B105: STUDENTS NAME | C105: ID.NO | D105: GRADE | H105: ID.NO | I105: GRADE
A106: 1 | B106: BESUFEKAD TADELE | C106: 00224/09 | H106: =C106 -> 00224/09
A107: 2 | B107: BETELHEM HAGOS | C107: 00225/09 | E107: Grade Summary | H107: =C107 -> 00225/09
A108: 3 | B108: FETIYA NASIR | C108: 00249/09 | E108: A+'S------ | H108: =C108 -> 00249/09
A109: 4 | B109: FETIYA WEZIR | C109: 00231/09 | E109: A'S | H109: =C109 -> 00231/09
A110: 5 | B110: HAMDI KADIRO | C110: 45599/09 | E110: B+'S----- | H110: =C110 -> 45599/09
A111: 6 | B111: HAMZA HABIBA | C111: 00227/09 | E111: B'S------- | H111: =C111 -> 00227/09
A112: 7 | B112: HANAN ABDO | C112: 00230/09 | E112: C+'S----- | H112: =C112 -> 00230/09
...

Sheet MGMT-R-09
B1: UNITY UNIVERSITY
B2: ADAMA SPECIAL CAMPUS
B3: OFFICE OF REGISTRAR
B4: GRADE SUBMISION FORM
B5: YEAR II SEM II /2018 | G5: =B5 -> YEAR II SEM II /2018 | H5: =B5 -> YEAR II SEM II /2018
B6: COURSE TITLE: | G6: COURSE TITLE: | H6: =B6 -> COURSE TITLE:
B7: MANAGEMENT INFORMATION SYSTEM | G7: =B7 -> MANAGEMENT INFORMATION SYSTEM | H7: =B7 -> MANAGEMENT INFORMATION SYSTEM
B8: COURSENO.MGMT311 | G8: =B8 -> COURSENO.MGMT311
B9: SECTION:MGMT/R/09_1 | G9: =B9 -> SECTION:MGMT/R/09_1
A10: S.N | B10: STUDENTS NAME | C10: ID.NO | D10: GRADE | H10: ID.NO | I10: GRADE
A11: 1 | B11: ABDRHMAN SADIK | C11: 00319/09 | H11: =C11 -> 00319/09
A12: 2 | B12: ABENZER AYELE | C12: 00305/09 | E12: Grade Summary | H12: =C12 -> 00305/09
A13: 3 | B13: ADDISHIWOT ABEBE | C13: 00276/09 | E13: A+'S------ | H13: =C13 -> 00276/09
A14: 4 | B14: AYALNESH MITIKU | C14: 00285/09 | E14: A'S | H14: =C14 -> 00285/09
A15: 5 | B15: FASIKA MEASHO | C15: 00286/09 | E15: B+'S----- | H15: =C15 -> 00286/09
A16: 6 | B16: FEBEN DANIEL | C16: 00277/09 | E16: B'S------- | H16: =C16 -> 00277/09
A17: 7 | B17: FEVEN FELEKE | C17: 00283/09 | E17: C+'S----- | H17: =C17 -> 00283/09
A18: 8 | B18: GELETA BATI | C18: 00280/09 | E18: C'S------ | H18: =C18 -> 00280/09
A19: 9 | B19: HUNDUMA GUTETA | C19: 00275/09 | E19: D'S------ | H19: =C19 -> 00275/09
A20: 10 | B20: MENUR BEDRU | C20: 00272/09 | E20: NG'S----- | H20: =C20 -> 00272/09
A21: 11 | B21: MIKIYAS DESALEGN | C21: 00274/09 | E21: I'S-------- | H21: =C21 -> 00274/09
A22: 12 | B22: SELAMAWIT ERMIAS | C22: 00036/09 | E22: TOT----- | H22: =C22 -> 00036/09
A23: 13 | B23: SELAMAWIT TEMIS | C23: 00229/09 | H23: =C23 -> 00229/09
A24: 14 | B24: TIGIST TEKOLA | C24: 00282/09 | H24: =C24 -> 00282/09
A25: 15 | B25: WOYINISHET GEBEYEHU | C25: 00390/09 | H25: =C25 -> 00390/09
A26: 16 | B26: YESUF TESEMA | C26: 00351/09 | H26: =C26 -> 00351/09
B27: ADD STUDENTS | G27: ADD STUDENTS
A28: 1 | B28: ABEL NIGUSE | C28: 00010/09 | H28: =C28 -> 00010/09
A29: 2 | B29: EBRAHIM TAJUDIN | C29: 00398/10 | H29: =C29 -> 00398/10
A30: 3 | B30: FOZIA REDWAN | C30: 00443/09 | H30: =C30 -> 00443/09
A31: 4 | B31: HANIMA ENDRIS | C31: 00004/09 | H31: =C31 -> 00004/09
A32: 5 | B32: KALID SHEMSU | C32: 00326/09 | H32: =C32 -> 00326/09
A33: 6 | B33: KEDIRIYA ALEMAR | C33: 00424/09 | H33: =C33 -> 00424/09
A34: 7 | B34: MOHAMMED ALI | C34: 00104/09 | H34: =C34 -> 00104/09
A35: 8 | B35: NATINAEL SOLOMON | C35: 00307/09 | H35: =C35 -> 00307/09
A36: 9 | B36: ZEYIDA ETALA | C36: 00386/09 | H36: =C36 -> 00386/09
A37: 10
A38: 11
A39: 12
A40: 13
A41: 14
A42: 15
B88: UNITY UNIVERSITY
B89: ADAMA SPECIAL CAMPUS
B90: OFFICE OF REGISTRAR
B91: GRADE SUBMISION FORM
B92: YEAR II SEM II /2018 G.C | G92: =B92 -> YEAR II SEM II /2018 G.C | H92: =B92 -> YEAR II SEM II /2018 G.C
B93: COURSE TITLE: | G93: COURSE TITLE:
B94: FINANCIAL ACCOUNTIG II | G94: =B94 -> FINANCIAL ACCOUNTIG II | H94: FINANCIAL ACCOUNTIG II
B95: COURSENO.ACFN232 | G95: =B95 -> COURSENO.ACFN232
B96: SECTION:MGMT/R/09_1 | G96: =B96 -> SECTION:MGMT/R/09_1
A97: S.N | B97: STUDENTS NAME | C97: ID.NO | D97: GRADE | H97: ID.NO | I97: GRADE
A98: 1 | B98: ABDRHMAN SADIK | C98: 00319/09 | H98: =C98 -> 00319/09
A99: 2 | B99: ABENZER AYELE | C99: 00305/09 | E99: Grade Summary | H99: =C99 -> 00305/09
A100: 3 | B100: ADDISHIWOT ABEBE | C100: 00276/09 | E100: A+'S------ | H100: =C100 -> 00276/09
A101: 4 | B101: AYALNESH MITIKU | C101: 00285/09 | E101: A'S | H101: =C101 -> 00285/09
A102: 5 | B102: FASIKA MEASHO | C102: 00286/09 | E102: B+'S----- | H102: =C102 -> 00286/09
A103: 6 | B103: FEBEN DANIEL | C103: 00277/09 | E103: B'S------- | H103: =C103 -> 00277/09
A104: 7 | B104: FEVEN FELEKE | C104: 00283/09 | E104: C+'S----- | H104: =C104 -> 00283/09
A105: 8 | B105: GELETA BATI | C105: 00280/09 | E105: C'S------ | H105: =C105 -> 00280/09
A106: 9 | B106: HUNDUMA GUTETA | C106: 00275/09 | E106: D'S------ | H106: =C106 -> 00275/09
A107: 10 | B107: MENUR BEDRU | C107: 00272/09 | E107: NG'S----- | H107: =C107 -> 00272/09
A108: 11 | B108: MIKIYAS DESALEGN | C108: 00274/09 | E108: I'S-------- | H108: =C108 -> 00274/09
A109: 12 | B109: SELAMAWIT ERMIAS | C109: 00036/09 | E109: TOT----- | H109: =C109 -> 00036/09
A110: 13 | B110: SELAMAWIT TEMIS | C110: 00229/09 | H110: =C110 -> 00229/09
A111: 14 | B111: TIGIST TEKOLA | C111: 00282/09 | H111: =C111 -> 00282/09
A112: 15 | B112: WOYINISHET GEBEYEHU | C112: 00390/09 | H112: =C112 -> 00390/09
A113: 16 | B113: YESUF TESEMA | C113: 00351/09 | H113: =C113 -> 00351/09
B114: ADD STUDENTS | G114: ADD STUDENTS
A115: 1 | B115: ABEL NIGUSE | C115: 00010/09 | H115: =C115 -> 00010/09
A116: 2 | B116: KALID SHEMSU | C116: 00326/10 | H116: =C116 -> 00326/10
A117: 3 | B117: MOHAMMED ALI | C117: 00104/09 | H117: =C117 -> 00104/09
A118: 4 | B118: WUBDIL ABEBE | C118: 45354/08 | H118: =C118 -> 45354/08
A119: 5
A120: 6
A121: 7
A122: 8
A123: 9
A124: 10
A125: 11
A126: 12
A127: 13
A128: 14
A129: 15
B133: UNITY UNIVERSITY
B134: ADAMA SPECIAL CAMPUS
B135: OFFICE OF REGISTRAR
B136: GRADE SUBMISION FORM
B137: YEAR II SEM II /2018 G.C | G137: =B137 -> YEAR II SEM II /2018 G.C | H137: =B137 -> YEAR II SEM II /2018 G.C
B138: COURSE TITLE: | G138: COURSE TITLE:
B139: RISK MANAGEMENT AND INSURANCE | G139: =B139 -> RISK MANAGEMENT AND INSURANCE | H139: =B139 -> RISK MANAGEMENT AND INSURANCE
B140: COURSENO.MGMT321 | G140: =B140 -> COURSENO.MGMT321
B141: SECTION:MGMT/R/09_1 | G141: =B141 -> SECTION:MGMT/R/09_1
A142: S.N | B142: STUDENTS NAME | C142: ID.NO | D142: GRADE | H142: ID.NO | I142: GRADE
A143: 1 | B143: ABDRHMAN SADIK | C143: 00319/09 | H143: =C143 -> 00319/09
A144: 2 | B144: ABENZER AYELE | C144: 00305/09 | E144: Grade Summary | H144: =C144 -> 00305/09
A145: 3 | B145: ADDISHIWOT ABEBE | C145: 00276/09 | E145: A+'S------ | H145: =C145 -> 00276/09
A146: 4 | B146: AYALNESH MITIKU | C146: 00285/09 | E146: A'S | H146: =C146 -> 00285/09
A147: 5 | B147: FASIKA MEASHO | C147: 00286/09 | E147: B+'S----- | H147: =C147 -> 00286/09
A148: 6 | B148: FEBEN DANIEL | C148: 00277/09 | E148: B'S------- | H148: =C148 -> 00277/09
...

Sheet MRKT-R-09
B1: UNITY UNIVERSITY
B2: ADAMA SPECIAL CAMPUS
B3: OFFICE OF REGISTRAR
B4: GRADE SUBMISION FORM
B5: YEAR II SEM II /2018 | G5: =B5 -> YEAR II SEM II /2018
B6: COURSE TITLE: | G6: COURSE TITLE:
B7: MARKETING RESEARCH | G7: =B7 -> MARKETING RESEARCH
B8: COURSENO.MRKT421 | G8: =B8 -> COURSENO.MRKT421
B9: SECTION:MRKT/R/09_ | G9: =B9 -> SECTION:MRKT/R/09_
A10: S.N | B10: STUDENTS NAME | C10: ID.NO | D10: GRADE | H10: ID.NO | I10: GRADE
A11: 1 | B11: ALULA TSEGAYE | C11: 00261/09 | H11: =C11 -> 00261/09
A12: 2 | B12: BARSABET GENANAW | C12: 00264/09 | E12: Grade Summary | H12: =C12 -> 00264/09
A13: 3 | B13: BIRUK TOLOSA | C13: 00365/09 | E13: A+'S------ | H13: =C13 -> 00365/09
A14: 4 | B14: BIRUKTAWIT DADI | C14: 00246/09 | E14: A'S | H14: =C14 -> 00246/09
A15: 5 | B15: BEZAWIT KASAYE | C15: 00903/09 | E15: B+'S----- | H15: =C15 -> 00903/09
A16: 6 | B16: CHERNET TADELE | C16: 00001/08 | E16: B'S------- | H16: =C16 -> 00001/08
A17: 7 | B17: DAGMAWIT ASEBE | C17: 00244/09 | E17: C+'S----- | H17: =C17 -> 00244/09
A18: 8 | B18: EDEN SOLOMON | C18: 00400/09 | E18: C'S------ | H18: =C18 -> 00400/09
A19: 9 | B19: FERHIWOT TESFAYE | C19: 00145/09 | E19: D'S------ | H19: =C19 -> 00145/09
A20: 10 | B20: HANA GETACHEW | C20: 00401/09 | E20: NG'S----- | H20: =C20 -> 00401/09
A21: 11 | B21: HANAN KIYAR | C21: 00414/09 | E21: I'S-------- | H21: =C21 -> 00414/09
A22: 12 | B22: HANNY ABEBA | C22: 00258/09 | E22: TOT----- | H22: =C22 -> 00258/09
A23: 13 | B23: HAWI MERGIA | C23: 00254/09 | H23: =C23 -> 00254/09
A24: 14 | B24: HEWAN SOLOMON | C24: 00262/09 | H24: =C24 -> 00262/09
A25: 15 | B25: HEZEDIN MIFTA | C25: 00426/09 | H25: =C25 -> 00426/09
A26: 16 | B26: KALEAB GETACHEW | C26: 00265/09 | H26: =C26 -> 00265/09
A27: 17 | B27: MAHLET GEMECHU | C27: 00247/09 | H27: =C27 -> 00247/09
A28: 18 | B28: MASRESHA TEMSGEN | C28: 00263/09 | H28: =C28 -> 00263/09
A29: 19 | B29: MELAT ABDISA | C29: 25389/09 | H29: =C29 -> 25389/09
A30: 20 | B30: MERON G/HIWOT | C30: 00259/10 | H30: =C30 -> 00259/10
A31: 21 | B31: MEZERDIN MIFTA | C31: 00426/09 | H31: =C31 -> 00426/09
A32: 22 | B32: MIHRET TADELE | C32: 00256/09 | H32: =C32 -> 00256/09
A33: 23 | B33: NITSUHBIR GIRMA | C33: 00266/09 | H33: =C33 -> 00266/09
A34: 24 | B34: REDIET GASHAW | C34: 00095/09 | H34: =C34 -> 00095/09
... A37: 27 | B37: YISAK GIRMA | C37: 00257/09 | H37: =C37 -> 00257/09
A38: 6
A39: 1 | B39: AYINALEM MERSHA | C39: 000423/09 | H39: =C39 -> 000423/09
A40: 2 | B40: BILAL REDWAN | C40: 000364/09 | H40: =C40 -> 000364/09
A41: 3 | B41: FIREZER TSEGA | C41: 00260/09 | H41: =C41 -> 00260/09
A42: 4 | B42: NASIRE FEREJA | C42: 00251/09 | H42: =C42 -> 00251/09
A43: 5 | B43: KIDIST AMEHAYES | C43: 00438/10 | H43: =C43 -> 00438/10

Sheet ATT-BUAD-MRKT-MGMT-R-08
C1: UNITY UNIVERSITY ADAMA SPECIAL CAMPUS
C2: BUAD/08SECOND/SEM 2018 ATTENDENCE FORM
B3: COURSE TITLE:BUSINESS ETHICS AND LEADERSHIP
A4: NO. | B4: NAME | C4: ID.NO
A5: 1 | B5: ABERAR AMDELA | C5: 45488/08
A6: 2 | B6: BETELHEM ASHENAFI | C6: 45276/08
A7: 3 | B7: DANIEL KIFLE | C7: 45480/08
A8: 4 | B8: ELIAS FIKADU | C8: 00012/08
A9: 5 | B9: FAIZA MOHAMMED | C9: 45624/08
A10: 6 | B10: FIKIRU SIME | C10: 45504/08
A11: 7 | B11: FIRAOL ABERHAM | C11: 45460/09
A12: 8 | B12: HANA DESALEGN | C12: 45511/08
A13: 9 | B13: HANAN SANI | C13: 45520/08
A14: 10 | B14: HAWI MOHAMMED | C14: 45459/08
A15: 11 | B15: HELDANA GEBRU | C15: 45223/08
A16: 12 | B16: HUSINIYA KEDIR | C16: 45312/08
... A24: 20 | B24: WOINSHET AMSALU | C24: 45502/08
C25: ADD STUDENTS
A26: 1 | B26: BANDAMLAK ASSEFA | C26: 201/02
A27: 2 | B27: NOBEL ASSEFA | C27: 45578/08
A28: 3 | B28: ASFAWESEN MELESE | C28: 45560/08
A29: 4
A30: 5
A31: 6
A32: 7
A33: 8
A34: 9
A35: 10
C36: UNITY UNIVERSITY ADAMA SPECIAL CAMPUS
C37: BUAD/09 SECOND SEM 2018ATTENDENCE FORM
B39: COURSE TITLE:STRATEGIC MANAGEMENT
A40: NO. | B40: NAME | C40: ID.NO
A41: 1 | B41: ABERAR AMDELA | C41: 45488/08
A42: 2 | B42: BETELHEM ASHENAFI | C42: 45276/08
A43: 3 | B43: DANIEL KIFLE | C43: 45480/08
A44: 4 | B44: ELIAS FIKADU | C44: 00012/08
A45: 5 | B45: FAIZA MOHAMMED | C45: 45624/08
A46: 6 | B46: FIKIRU SIME | C46: 45504/08
A47: 7 | B47: FIRAOL ABERHAM | C47: 45460/09
A48: 8 | B48: HANA DESALEGN | C48: 45511/08
A49: 9 | B49: HANAN SANI | C49: 45520/08
A50: 10 | B50: HAWI MOHAMMED | C50: 45459/08
A51: 11 | B51: HELDANA GEBRU | C51: 45223/08
A52: 12 | B52: HUSINIYA KEDIR | C52: 45312/08
... A64: 3 | B64: NOBEL ASSEFA | C64: 45578/08
C66: UNITY UNIVERSITY ADAMA SPECIAL CAMPUS
C67: BUAD/09 SECOND/SEM 2018 ATTENDENCE FORM
C68: SEMINAR IN ORGANIZATION BEHAVIOR
A70: 1 | B70: ABERAR AMDELA | C70: 45488/08
A71: 2 | B71: BETELHEM ASHENAFI | C71: 45276/08
A72: 3 | B72: DANIEL KIFLE | C72: 45480/08
A73: 4 | B73: ELIAS FIKADU | C73: 00012/08
A74: 5 | B74: FAIZA MOHAMMED | C74: 45624/08
A75: 6 | B75: FIKIRU SIME | C75: 45504/08
A76: 7 | B76: FIRAOL ABERHAM | C76: 45460/09
A77: 8 | B77: HANA DESALEGN | C77: 45511/08
A78: 9 | B78: HANAN SANI | C78: 45520/08
A79: 10 | B79: HAWI MOHAMMED | C79: 45459/08
A80: 11 | B80: HELDANA GEBRU | C80: 45223/08
A81: 12 | B81: HUSINIYA KEDIR | C81: 45312/08
... A89: 20 | B89: WOINSHET AMSALU | C89: 45502/08
C90: ADD STUDENTS
A91: 1 | B91: BANDAMLAK ASSEFA | C91: 201/202
A92: 1 | B92: ASFAWESEN MELESE | C92: 45560/08
A93: 3
A94: 4
A95: 5
C97: UNITY UNIVERSITY ADAMA SPECIAL CAMPUS
C98: BUAD/09 SECOND/SEM 2017 ATTENDENCE FORM
B100: COURSE TITLE:PROJECT MANAGEMENT
A101: NO. | B101: NAME | C101: ID.NO
A102: 1 | B102: ABERAR AMDELA | C102: 45488/08
A103: 2 | B103: BETELHEM ASHENAFI | C103: 45276/08
A104: 3 | B104: DANIEL KIFLE | C104: 45480/08
A105: 4 | B105: ELIAS FIKADU | C105: 00012/08
A106: 5 | B106: FAIZA MOHAMMED | C106: 45624/08
A107: 6 | B107: FIKIRU SIME | C107: 45504/08
A108: 7 | B108: FIRAOL ABERHAM | C108: 45460/09
A109: 8 | B109: HANA DESALEGN | C109: 45511/08
A110: 9 | B110: HANAN SANI | C110: 45520/08
A111: 10 | B111: HAWI MOHAMMED | C111: 45459/08
A112: 11 | B112: HELDANA GEBRU | C112: 45223/08
A113: 12 | B113: HUSINIYA KEDIR | C113: 45312/08
... A121: 20 | B121: WOINSHET AMSALU | C121: 45502/08
C122: ADD STUDENTS
A123: 1 | B123: NOBEL ASSEFA | C123: 45578/08
A124: 2 | B124: ASFAWESEN MELESE | C124: 45560/08
A125: 3
A126: 4
A127: 5
A128: 6
C130: UNITY UNIVERSITY ADAMA SPECIAL CAMPUS
C131: BUAD/09 /SECOND/SEM 2017 ATTENDENCE FORM
B132: COURSE TITLE:BUSINESS LAW COURSE NO:LAW201
A133: NO. | B133: NAME | C133: ID.NO
A134: 1 | B134: ABERAR AMDELA | C134: 45488/08
A135: 2 | B135: BETELHEM ASHENAFI | C135: 45276/08
A136: 3 | B136: DANIEL KIFLE | C136: 45480/08
A137: 4 | B137: ELIAS FIKADU | C137: 00012/08
A138: 5 | B138: FAIZA MOHAMMED | C138: 45624/08
...

Sheet -BUAD-MRKT-MGMT-EX-08
C6: UNITY UNIVERSITY ADAMA SPECIAL CAMPUS
C7: BUAD/09 FIRST SEM 2017 Cont.ASSESSMENTFORM
B9: COURSE TITLE:OPERATION AND PRODUCTION MANAGEMENT | D9: COURSE NO: | F9: MGMT331
A10: NO. | B10: NAME | C10: ID.NO | D10: Monthly Test | G10: ASSIGNMENT | I10: Attend | J10: Total | K10: Final | L10: Total | M10: Grade
D11: 0.1 | E11: 0.1 | F11: 0.1 | G11: Ind(10%) | H11: Team(5%) | I11: 0.05 | J11: 0.5 | K11: 0.5 | L11: 1
A12: 1 | B12: ABERAR AMDELA | C12: 45488/08
A13: 2 | B13: BETELHEM ASHENAFI | C13: 45276/08
A14: 3 | B14: DANIEL KIFLE | C14: 45480/08
A15: 4 | B15: FAIZA MOHAMMED | C15: 45624/08
A16: 5 | B16: FIKIRU SIME | C16: 45504/08
A17: 6 | B17: FIRAOL ABERHAM | C17: 45460/08
A18: 7 | B18: HANA DESALEGN | C18: 45511/08
A19: 8 | B19: HANAN SANI | C19: 45520/08
A20: 9 | B20: HAWI MOHAMMED | C20: 45454/08
A21: 10 | B21: HELDANA GEBRU | C21: 45223/08
A22: 11 | B22: HUSINIYA KEDIR | C22: 45512/08
A23: 12 | B23: KIDUS BEHAILU | C23: 45623/08
... A30: 19 | B30: YEABSIRA GETACHEW | C30: 45622/08
A31: 20
A32: 21
A33: 22
A34: 23
C35: ADD STUDENTS
A36: 1 | B36: ASFAWESEN MELESE | C36: 45560/08
A37: 2
A38: 3
A39: 4
A40: 5
C44: UNITY UNIVERSITY ADAMA SPECIAL CAMPUS
C45: BUAD/09 FIRST SEM 2017 Cont.ASSESSMENTFORM
B47: COURSE TITLE:SYSTEM ANALYSIS &DESIGN | D47: COURSE NO: | F47: MGMT421
A48: NO. | B48: NAME | C48: ID.NO | D48: Monthly Test | G48: ASSIGNMENT | I48: Attend | J48: Total | K48: Final | L48: Total | M48: Grade
D49: 0.1 | E49: 0.1 | F49: 0.1 | G49: Ind(10%) | H49: Team(5%) | I49: 0.05 | J49: 0.5 | K49: 0.5 | L49: 1
A50: 1 | B50: ABERAR AMDELA | C50: 45488/08
A51: 2 | B51: BETELHEM ASHENAFI | C51: 45276/08
A52: 3 | B52: DANIEL KIFLE | C52: 45480/08
A53: 4 | B53: FAIZA MOHAMMED | C53: 45624/08
A54: 5 | B54: FIKIRU SIME | C54: 45504/08
A55: 6 | B55: FIRAOL ABERHAM | C55: 45460/08
A56: 7 | B56: HANA DESALEGN | C56: 45511/08
A57: 8 | B57: HANAN SANI | C57: 45520/08
A58: 9 | B58: HAWI MOHAMMED | C58: 45454/08
A59: 10 | B59: HELDANA GEBRU | C59: 45223/08
A60: 11 | B60: HUSINIYA KEDIR | C60: 45512/08
A61: 12 | B61: KIDUS BEHAILU | C61: 45623/08
... A68: 19 | B68: YEABSIRA GETACHEW | C68: 45622/08
A69: 20
A70: 21
A71: 22
A72: 23
C73: ADD STUDENTS
A75: 2
A76: 3
A77: 4
A78: 5
C81: UNITY UNIVERSITY ADAMA SPECIAL CAMPUS
C82: BUAD/09 FIRST SEM 2017 Cont.ASSESSMENTFORM
B84: COURSE TITLE:FINANCIAL MANAGEMENT | D84: COURSE NO:
A85: NO. | B85: NAME | C85: ID.NO | D85: Monthly Test | G85: ASSIGNMENT | I85: Attend | J85: Total | K85: Final | L85: Total | M85: Grade
D86: 0.1 | E86: 0.1 | F86: 0.1 | G86: Ind(10%) | H86: Team(5%) | I86: 0.05 | J86: 0.5 | K86: 0.5 | L86: 1
A87: 1 | B87: ABERAR AMDELA | C87: 45488/08
A88: 2 | B88: BETELHEM ASHENAFI | C88: 45276/08
A89: 3 | B89: DANIEL KIFLE | C89: 45480/08
A90: 4 | B90: FAIZA MOHAMMED | C90: 45624/08
A91: 5 | B91: FIKIRU SIME | C91: 45504/08
A92: 6 | B92: FIRAOL ABERHAM | C92: 45460/08
A93: 7 | B93: HANA DESALEGN | C93: 45511/08
A94: 8 | B94: HANAN SANI | C94: 45520/08
A95: 9 | B95: HAWI MOHAMMED | C95: 45454/08
A96: 10 | B96: HELDANA GEBRU | C96: 45223/08
A97: 11 | B97: HUSINIYA KEDIR | C97: 45512/08
A98: 12 | B98: KIDUS BEHAILU | C98: 45623/08
... A105: 19 | B105: YEABSIRA GETACHEW | C105: 45622/08
A106: 20
A107: 21
A108: 22
A109: 23
C110: ADD STUDENTS
A111: 1 | B111: ABENZER MELAKU | C111: 45510/08
A112: 1 | B112: ASFAWESEN MELESE | C112: 45560/08
A113: 3
A114: 4
A115: 5
C117: UNITY UNIVERSITY ADAMA SPECIAL CAMPUS
C118: BUAD/09 FIRST SEM 2017 Cont.ASSESSMENTFORM
B120: COURSE TITLE:STRATEGIC ENTREPRENEURSHIP | D120: COURSE NO: | F120: MGMT412
A121: NO. | B121: NAME | C121: ID.NO | D121: Monthly Test | G121: ASSIGNMENT | I121: Attend | J121: Total | K121: Final | L121: Total | M121: Grade
D122: 0.1 | E122: 0.1 | F122: 0.1 | G122: Ind(10%) | H122: Team(5%) | I122: 0.05 | J122: 0.5 | K122: 0.5 | L122: 1
A123: 1 | B123: ABERAR AMDELA | C123: 45488/08
A124: 2 | B124: BETELHEM ASHENAFI | C124: 45276/08
A125: 3 | B125: DANIEL KIFLE | C125: 45480/08
A126: 4 | B126: FAIZA MOHAMMED | C126: 45624/08
A127: 5 | B127: FIKIRU SIME | C127: 45504/08
A128: 6 | B128: FIRAOL ABERHAM | C128: 45460/08
A129: 7 | B129: HANA DESALEGN | C129: 45511/08
A130: 8 | B130: HANAN SANI | C130: 45520/08
A131: 9 | B131: HAWI MOHAMMED | C131: 45454/08
A132: 10 | B132: HELDANA GEBRU | C132: 45223/08
A133: 11 | B133: HUSINIYA KEDIR | C133: 45512/08
A134: 12 | B134: KIDUS BEHAILU | C134: 45623/08
...

Sheet GRS-BUAD-MRKT-MGMT-EX-08
C1: UNITY UNIVERSITY
C2: ADAMA SPECIAL CAMPUS
C3: OFFICE OF REGISTRAR
C4: GRADE SUBMISION FORM
C5: YEAR III SEM II/2018 | H5: YEAR III SEM I/2017 | I5: =C5 -> YEAR III SEM II/2018
C6: COURSE TITLE: | H6: COURSE TITLE:
C7: STRATEGIC MANAGEMENT | H7: =C6 -> COURSE TITLE: | I7: =C7 -> STRATEGIC MANAGEMENT
C8: COURSENO.MGMT412 | H8: COURSE NO.Mgmt412
C9: SECTION:BUAD/R/08 | H9: SECTION:BUAD/R/08
B10: S.N | C10: STUDENTS NAME | D10: ID.NO | E10: GRADE | I10: ID.NO | J10: GRADE | K10: GRADE
B11: 1 | C11: ABERAR AMDELA | D11: 45488/08 | I11: =D11 -> 45488/08
B12: 2 | C12: BETELHEM ASHENAFI | D12: 45276/08 | F12: Grade Summary | I12: =D12 -> 45276/08
B13: 3 | C13: DANIEL KIFLE | D13: 45480/08 | F13: A+'S------ | I13: =D13 -> 45480/08
B14: 4 | C14: ELIAS FIKADU | D14: 00012/08 | F14: A'S | I14: =D14 -> 00012/08
B15: 5 | C15: FAIZA MOHAMMED | D15: 45624/08 | F15: B+'S----- | I15: =D15 -> 45624/08
B16: 6 | C16: FIKIRU SIME | D16: 45504/08 | F16: B'S------- | I16: =D16 -> 45504/08
B17: 7 | C17: FIRAOL ABERHAM | D17: 45460/09 | F17: C+'S----- | I17: =D17 -> 45460/09
B18: 8 | C18: HANA DESALEGN | D18: 45511/08 | F18: C'S------ | I18: =D18 -> 45511/08
B19: 9 | C19: HANAN SANI | D19: 45520/08 | F19: D'S------ | I19: =D19 -> 45520/08
B20: 10 | C20: HAWI MOHAMMED | D20: 45459/08 | F20: NG'S----- | I20: =D20 -> 45459/08
B21: 11 | C21: HELDANA GEBRU | D21: 45223/08 | F21: I'S-------- | I21: =D21 -> 45223/08
B22: 12 | C22: HUSINIYA KEDIR | D22: 45312/08 | F22: TOT----- | I22: =D22 -> 45312/08
B23: 13 | C23: MAHADER AYALEW | D23: 45586/08 | I23: =D23 -> 45586/08
B24: 14 | C24: MAHADER GETACHEW | D24: 45509/08 | I24: =D24 -> 45509/08
B25: 15 | C25: MEHRET MELESE | D25: 45514/08 | I25: =D25 -> 45514/08
B26: 16 | C26: MIKIAS MULUGETA | D26: 45503/08 | I26: =D26 -> 45503/08
B27: 17 | C27: REDIET SEYOUM | D27: 45505/08 | I27: =D27 -> 45505/08
B28: 18 | C28: TSEGENT ZERIHUN | D28: 45517/08 | I28: =D28 -> 45517/08
B29: 19 | C29: YEABSIRA GETACHEW | D29: 45622/08 | I29: =D29 -> 45622/08
B30: 20 | C30: WOINSHET AMSALU | D30: 45502/08 | I30: =D30 -> 45502/08
C31: ADD STUDENTS | I31: ADD STUDENTS
B32: 1 | C32: ASFAWESEN MELESE | D32: 45560/08 | I32: 45560/08
B33: 2 | C33: BANDAMLAK ASSEFA | D33: 201/02 | I33: 201/02
B34: 3 | C34: NOBEL ASSEFA | D34: 45578/08 | I34: 45578/08
B35: 4
B36: 5
C37: INST.NAME__________________ | D37: SIGNATURE________________ | F37: ____________
C38: DATE-____________________
C40: DEP.HEAD NAME______________ | D40: SIGNATUE___________________
C41: DATE:___________________
C42: UNITY UNIVERSITY
C43: ADAMA SPECIAL CAMPUS
C44: OFFICE OF REGISTRAR
C45: GRADE SUBMISION FORM
C46: YEAR III SEM II/2018 | H46: YEAR III SEM I/2017 | I46: =C46 -> YEAR III SEM II/2018
C47: COURSE TITLE: | H47: COURSE TITLE:
C48: BUSINESS ETHICS AND LEADERSHIP | H48: =C48 -> BUSINESS ETHICS AND LEADERSHIP
C49: COURSENO.MGMT= | H49: COURSE NO.MGMT352 | I49: =C49 -> COURSENO.MGMT=
C50: SECTION:BUAD/R/08 | H50: SECTION:BUAD/R/08
B51: S.N | C51: STUDENTS NAME | D51: ID.NO | E51: GRADE | I51: ID.NO | J51: GRADE | K51: GRADE
B52: 1 | C52: ABERAR AMDELA | D52: 45488/08 | I52: =D52 -> 45488/08
B53: 2 | C53: BETELHEM ASHENAFI | D53: 45276/08 | F53: Grade Summary | I53: =D53 -> 45276/08
B54: 3 | C54: DANIEL KIFLE | D54: 45480/08 | F54: A+'S------ | I54: =D54 -> 45480/08
B55: 4 | C55: FAIZA MOHAMMED | D55: 45624/08 | F55: A'S | I55: =D55 -> 45624/08
B56: 5 | C56: FIKIRU SIME | D56: 45504/08 | F56: B+'S----- | I56: =D56 -> 45504/08
B57: 6 | C57: FIRAOL ABERHAM | D57: 45460/08 | F57: B'S------- | I57: =D57 -> 45460/08
B58: 7 | C58: HANA DESALEGN | D58: 45511/08 | F58: C+'S----- | I58: =D58 -> 45511/08
B59: 8 | C59: HANAN SANI | D59: 45520/08 | F59: C'S------ | I59: =D59 -> 45520/08
B60: 9 | C60: HAWI MOHAMMED | D60: 45454/08 | F60: D'S------ | I60: =D60 -> 45454/08
B61: 10 | C61: HELDANA GEBRU | D61: 45223/08 | F61: NG'S----- | I61: =D61 -> 45223/08
B62: 11 | C62: HUSINIYA KEDIR | D62: 45512/08 | F62: I'S-------- | I62: =D62 -> 45512/08
B63: 12 | C63: KIDUS BEHAILU | D63: 45623/08 | F63: TOT----- | I63: =D63 -> 45623/08
B64: 13 | C64: MAHADER AYALEW | D64: 45586/08 | I64: =D64 -> 45586/08
B65: 14 | C65: MAHADER GETACHEW | D65: 45509/08 | I65: =D65 -> 45509/08
B66: 15 | C66: MEHRET MELESE | D66: 45514/08 | I66: =D66 -> 45514/08
B67: 16 | C67: MIKIAS MULUGETA | D67: 45503/08 | I67: =D67 -> 45503/08
B68: 17 | C68: REDIET SEYOUM | D68: 45505/08 | I68: =D68 -> 45505/08
B69: 18 | C69: TSEGENT ZERIHUN | D69: 45517/08 | I69: =D69 -> 45517/08
B70: 19 | C70: YEABSIRA GETACHEW | D70: 45622/08 | I70: =D70 -> 45622/08
C71: ADD STUDENTS | I71: ADD STUDENTS
B72: 1 | C72: AYTENFISU NIGUSSIE | D72: 45564/08 | I72: 45564/08
B73: 2 | C73: KURABACHEW GETU | D73: 45565/08 | I73: 45565/08
B74: 3 | C74: NOBEL ASSEFA | D74: 45578/08
B75: 4
B76: 5
B77: 6
C79: INST.NAME__________________ | D79: SIGNATURE________________ | F79: ____________
C80: DATE-____________________
C82: DEP.HEAD NAME______________ | D82: SIGNATUE___________________
C83: DATE:___________________
C87: UNITY UNIVERSITY
C88: ADAMA SPECIAL CAMPUS
C89: OFFICE OF REGISTRAR
C90: GRADE SUBMISION FORM
C91: YEAR III SEM II/2018 | H91: YEAR III SEM I/2017 | I91: =C91 -> YEAR III SEM II/2018
C92: COURSE TITLE: | H92: COURSE TITLE:
C93: PROJECT MANAGEMENT | H93: =C93 -> PROJECT MANAGEMENT
C94: COURSENO.MGMT | H94: COURSE NO.MGMT352 | I94: =C94 -> COURSENO.MGMT
C95: SECTION:BUAD/R/08 | H95: SECTION:BUAD/R/08
B96: S.N | C96: STUDENTS NAME | D96: ID.NO | E96: GRADE | I96: ID.NO | J96: GRADE | K96: GRADE
B97: 1 | C97: ABERAR AMDELA | D97: 45488/08 | I97: =D97 -> 45488/08
B98: 2 | C98: BETELHEM ASHENAFI | D98: 45276/08 | F98: Grade Summary | I98: =D98 -> 45276/08
B99: 3 | C99: DANIEL KIFLE | D99: 45480/08 | F99: A+'S------ | I99: =D99 -> 45480/08
B100: 4 | C100: FAIZA MOHAMMED | D100: 45624/08 | F100: A'S | I100: =D100 -> 45624/08
B101: 5 | C101: FIKIRU SIME | D101: 45504/08 | F101: B+'S----- | I101: =D101 -> 45504/08
B102: 6 | C102: FIRAOL ABERHAM | D102: 45460/08 | F102: B'S------- | I102: =D102 -> 45460/08
B103: 7 | C103: HANA DESALEGN | D103: 45511/08 | F103: C+'S----- | I103: =D103 -> 45511/08
B104: 8 | C104: HANAN SANI | D104: 45520/08 | F104: C'S------ | I104: =D104 -> 45520/08
B105: 9 | C105: HAWI MOHAMMED | D105: 45454/08 | F105: D'S------ | I105: =D105 -> 45454/08
B106: 10 | C106: HELDANA GEBRU | D106: 45223/08 | F106: NG'S----- | I106: =D106 -> 45223/08
...

Sheet ATT-COSC--R-14-SEC-1
A1: COSC/R/14
A2: UNITY UNIVERSITY ADAMA CAMPUS
A3: COSC/R/14 Year II Semester II 2023 (2015 E.C) ATTENDANCE FORM
A5: COURSE TITLE: Basic Electricity & Electronics COURSE NO: Phys 2042 SEC-1 INSTRUCTOR:
A6: NO. | B6: NAME | E6: ID.NO
A7: 1 | B7: ABENEZER | C7: DABI | D7: BALCHA | E7: 04529/14
A8: 2 | B8: AMANUEL | C8: BELETE | D8: BEKELE | E8: 04516/14
A9: 3 | B9: AYUB | C9: ABDULAHAFIZ | D9: TADESSE | E9: 04636/14
A10: 4 | B10: BEMNET | C10: WEGAYEHU | D10: IJEGU | E10: 04525/14
A11: 5 | B11: BETHELIHEM | C11: BELAY | D11: SHIFERAW | E11: 04522/14
A12: 6 | B12: DANIEL | C12: KASAYE | D12: KIDANE | E12: 04494/14
A13: 7 | B13: DAWIT | C13: AYELE | D13: MASSA | E13: 04136/14
A14: 8 | B14: EDOM | C14: NIGUSSIE | D14: ASSEFA | E14: 06120/14
A15: 9 | B15: ELIAB | C15: WOUBISHET | D15: GETACHEW | E15: 04493/14
A16: 10 | B16: ERMIAS | C16: ASSAYE | D16: NEDI | E16: 04510/14
A17: 11 | B17: ESMAEL | C17: ALI | D17: MOHAMMED | E17: 04518/14
A18: 12 | B18: EYOBED | C18: ALEMU | D18: HABEBE | E18: 04515/14
... A40: 34 | B40: YOSEF | C40: TILAYE | D40: ZENEBE | E40: 04470/14
A41: ADD STUDENTS
A42: NO. | B42: STUDENTS NAME | E42: ID.NO
A43: 1 | B43: KHALID | C43: KHELIL | D43: ABDUREHAMAN | E43: 04743/13
A44: 2
A45: 3
A46: 4
A47: 5
A48: UNITY UNIVERSITY ADAMA CAMPUS
A49: COSC/R/14 Year II Semester II 2023 (2015 E.C) ATTENDANCE FORM
A51: COURSE TITLE: Linear Algebra COURSE NO: Math 2022 SEC-1 INSTRUCTOR:
A52: NO. | B52: STUDENTS NAME | E52: ID.NO
A53: 1 | B53: ABENEZER | C53: DABI | D53: BALCHA | E53: 04529/14
A54: 2 | B54: AMANUEL | C54: BELETE | D54: BEKELE | E54: 04516/14
A55: 3 | B55: AYUB | C55: ABDULAHAFIZ | D55: TADESSE | E55: 04636/14
A56: 4 | B56: BEMNET | C56: WEGAYEHU | D56: IJEGU | E56: 04525/14
A57: 5 | B57: BETHELIHEM | C57: BELAY | D57: SHIFERAW | E57: 04522/14
A58: 6 | B58: DANIEL | C58: KASAYE | D58: KIDANE | E58: 04494/14
A59: 7 | B59: DAWIT | C59: AYELE | D59: MASSA | E59: 04136/14
A60: 8 | B60: EDOM | C60: NIGUSSIE | D60: ASSEFA | E60: 06120/14
A61: 9 | B61: ELIAB | C61: WOUBISHET | D61: GETACHEW | E61: 04493/14
A62: 10 | B62: ERMIAS | C62: ASSAYE | D62: NEDI | E62: 04510/14
A63: 11 | B63: ESMAEL | C63: ALI | D63: MOHAMMED | E63: 04518/14
A64: 12 | B64: EYOBED | C64: ALEMU | D64: HABEBE | E64: 04515/14
... A86: 34 | B86: YOSEF | C86: TILAYE | D86: ZENEBE | E86: 04470/14
A87: 35
A88: 36
A89: 37
A90: ADD STUDENTS
A91: NO. | B91: STUDENTS NAME | E91: ID.NO
A92: 1 | B92: KHALID | C92: KHELIL | D92: ABDUREHAMAN | E92: 04743/13
A93: 2 | B93: ZERIHUN | C93: MEKIBIB | D93: AZARIYAS | E93: 03324/13
A94: 3
A95: 4
A96: 5
A97: UNITY UNIVERSITY ADAMA CAMPUS
A98: COSC/R/14 Year II Semester II 2023 (2015 E.C) ATTENDANCE FORM
A100: COURSE TITLE: Computer Organ. and Assembly COURSE NO: Cosc 2042 SEC-1 INSTRUCTOR:
A101: NO. | B101: STUDENTS NAME | E101: ID.NO
A102: 1 | B102: ABENEZER | C102: DABI | D102: BALCHA | E102: 04529/14
A103: 2 | B103: AMANUEL | C103: BELETE | D103: BEKELE | E103: 04516/14
A104: 3 | B104: AYUB | C104: ABDULAHAFIZ | D104: TADESSE | E104: 04636/14
A105: 4 | B105: BEMNET | C105: WEGAYEHU | D105: IJEGU | E105: 04525/14
A106: 5 | B106: BETHELIHEM | C106: BELAY | D106: SHIFERAW | E106: 04522/14
A107: 6 | B107: DANIEL | C107: KASAYE | D107: KIDANE | E107: 04494/14
A108: 7 | B108: DAWIT | C108: AYELE | D108: MASSA | E108: 04136/14
A109: 8 | B109: EDOM | C109: NIGUSSIE | D109: ASSEFA | E109: 06120/14
A110: 9 | B110: ELIAB | C110: WOUBISHET | D110: GETACHEW | E110: 04493/14
A111: 10 | B111: ERMIAS | C111: ASSAYE | D111: NEDI | E111: 04510/14
A112: 11 | B112: ESMAEL | C112: ALI | D112: MOHAMMED | E112: 04518/14
A113: 12 | B113: EYOBED | C113: ALEMU | D113: HABEBE | E113: 04515/14
... A134: 34 | B134: YOSEF | C134: TILAYE | D134: ZENEBE | E134: 04470/14
A135: ADD STUDENTS
A136: NO. | B136: STUDENTS NAME | E136: ID.NO
A137: 1 | B137: HERMELA | C137: EYASU | D137: TILAHUN | E137: 03417/13
A138: 2 | B138: YEABSIRA | C138: TSEGAYE | D138: ALEMSEGED | E138: 03416/13
A139: 3
A140: 4
A141: 5
A143: UNITY UNIVERSITY ADAMA CAMPUS
A144: COSC/R/14 Year II Semester II 2023 (2015 E.C) ATTENDANCE FORM
A146: COURSE TITLE: Fundamental of Databese mgmt. System COURSE NO: COSC 2072 SEC-1 INSTRUCTOR:
A147: NO. | B147: STUDENTS NAME | E147: ID.NO
A148: 1 | B148: ABENEZER | C148: DABI | D148: BALCHA | E148: 04529/14
A149: 2 | B149: AMANUEL | C149: BELETE | D149: BEKELE | E149: 04516/14
A150: 3 | B150: AYUB | C150: ABDULAHAFIZ | D150: TADESSE | E150: 04636/14
A151: 4 | B151: BEMNET | C151: WEGAYEHU | D151: IJEGU | E151: 04525/14
A152: 5 | B152: BETHELIHEM | C152: BELAY | D152: SHIFERAW | E152: 04522/14
A153: 6 | B153: DANIEL | C153: KASAYE | D153: KIDANE | E153: 04494/14
A154: 7 | B154: DAWIT | C154: AYELE | D154: MASSA | E154: 04136/14
A155: 8 | B155: EDOM | C155: NIGUSSIE | D155: ASSEFA | E155: 06120/14
A156: 9 | B156: ELIAB | C156: WOUBISHET | D156: GETACHEW | E156: 04493/14
A157: 10 | B157: ERMIAS | C157: ASSAYE | D157: NEDI | E157: 04510/14
A158: 11 | B158: ESMAEL | C158: ALI | D158: MOHAMMED | E158: 04518/14
A159: 12 | B159: EYOBED | C159: ALEMU | D159: HABEBE | E159: 04515/14
... A181: 34 | B181: YOSEF | C181: TILAYE | D181: ZENEBE | E181: 04470/14
A182: 35
A183: 36
A184: 37
A185: ADD STUDENTS
A186: NO. | B186: STUDENTS NAME | E186: ID.NO
A187: 1 | B187: ROBEL | C187: EFFA | D187: MAMO | E187: 03347/13
A188: 2 | B188: SENAF | C188: SORI | D188: NEGASA | E188: 03418/13
...

Sheet CONN-COSC-R-14-SEC-1
A1: COSC/REG/14
A3: UNITY UNIVERSITY ADAMA CAMPUS
A4: COSC/R/14 Year II Semester II 2023 (2015 E.C) Cont.ASSESSMENT FORM
A51: UNITY UNIVERSITY ADAMA SPECIAL CAMPUS
A52: COSC/R/14 Year II Semester II 2023 (2015 E.C) Cont.ASSESSMENT FORM
A54: ='ATT-COSC--R-14-SEC-1'!A51 -> COURSE TITLE: Linear Algebra COURSE NO: Math 2022 SEC-1 INSTRUCTOR: | J54: Sisay K.
A55: NO. | B55: NAME | E55: ID.NO | F55: Test | H55: ASSIGNMENT | J55: Attend | K55: Total | L55: Final | M55: Total | N55: Grade
F56: 0.05 | G56: 0.15 | H56: Ind.(10%) | I56: Team(15%) | J56: 0.05 | K56: 0.5 | L56: 0.5 | M56: 1
A57: ='ATT-COSC--R-14-SEC-1'!A53 -> 1 | E57: ='ATT-COSC--R-14-SEC-1'!E53 -> 04529/14 | F57: 5 | G57: 15 | H57: 10 | I57: 15 | J57: 5 | K57: =SUM(F57:J57) -> 50 | L57: 33.5 | M57: =SUM(K57:L57) -> 83.5
A58: ='ATT-COSC--R-14-SEC-1'!A54 -> 2 | E58: ='ATT-COSC--R-14-SEC-1'!E54 -> 04516/14 | F58: 5 | G58: 5 | H58: 10 | I58: 15 | J58: 5 | K58: =SUM(F58:J58) -> 40 | L58: 12.5 | M58: =SUM(K58:L58) -> 52.5
A59: ='ATT-COSC--R-14-SEC-1'!A55 -> 3 | E59: ='ATT-COSC--R-14-SEC-1'!E55 -> 04636/14 | F59: 0 | G59: 8 | I59: 14 | J59: 3 | K59: =SUM(F59:J59) -> 25 | L59: 10 | M59: =SUM(K59:L59) -> 35
A60: ='ATT-COSC--R-14-SEC-1'!A56 -> 4 | E60: ='ATT-COSC--R-14-SEC-1'!E56 -> 04525/14 | F60: 0 | G60: 7 | H60: 9 | J60: 5 | K60: =SUM(F60:J60) -> 21 | L60: 15 | M60: =SUM(K60:L60) -> 36
A61: ='ATT-COSC--R-14-SEC-1'!A57 -> 5 | E61: ='ATT-COSC--R-14-SEC-1'!E57 -> 04522/14 | F61: 5 | G61: 13 | H61: 9 | I61: 15 | J61: 5 | K61: =SUM(F61:J61) -> 47 | L61: 27 | M61: =SUM(K61:L61) -> 74
A62: ='ATT-COSC--R-14-SEC-1'!A58 -> 6 | E62: ='ATT-COSC--R-14-SEC-1'!E58 -> 04494/14 | F62: 5 | G62: 3 | H62: 8 | I62: 15 | J62: 5 | K62: =SUM(F62:J62) -> 36 | L62: 2.5 | M62: =SUM(K62:L62) -> 38.5
A63: ='ATT-COSC--R-14-SEC-1'!A59 -> 7 | E63: ='ATT-COSC--R-14-SEC-1'!E59 -> 04136/14 | F63: 5 | G63: 7 | H63: 9.5 | I63: 15 | J63: 5 | K63: =SUM(F63:J63) -> 41.5 | L63: 11.5 | M63: =SUM(K63:L63) -> 53
A64: ='ATT-COSC--R-14-SEC-1'!A60 -> 8 | E64: ='ATT-COSC--R-14-SEC-1'!E60 -> 06120/14 | F64: 5 | G64: 9.5 | H64: 6 | I64: 15 | J64: 5 | K64: =SUM(F64:J64) -> 40.5 | L64: 18.5 | M64: =SUM(K64:L64) -> 59
A65: ='ATT-COSC--R-14-SEC-1'!A61 -> 9 | E65: ='ATT-COSC--R-14-SEC-1'!E61 -> 04493/14 | F65: 5 | G65: 1 | H65: 10 | I65: 14.5 | J65: 5 | K65: =SUM(F65:J65) -> 35.5 | L65: 5 | M65: =SUM(K65:L65) -> 40.5
A66: ='ATT-COSC--R-14-SEC-1'!A62 -> 10 | E66: ='ATT-COSC--R-14-SEC-1'!E62 -> 04510/14 | F66: 0 | G66: 5 | H66: 9 | I66: 15 | J66: 4 | K66: =SUM(F66:J66) -> 33 | L66: 12.5 | M66: =SUM(K66:L66) -> 45.5
A67: ='ATT-COSC--R-14-SEC-1'!A63 -> 11 | E67: ='ATT-COSC--R-14-SEC-1'!E63 -> 04518/14 | F67: 5 | G67: 4 | H67: 8 | I67: 14.5 | J67: 5 | K67: =SUM(F67:J67) -> 36.5 | L67: 2.5 | M67: =SUM(K67:L67) -> 39
A68: ='ATT-COSC--R-14-SEC-1'!A64 -> 12 | E68: ='ATT-COSC--R-14-SEC-1'!E64 -> 04515/14 | F68: 5 | G68: 3 | H68: 9 | I68: 15 | J68: 5 | K68: =SUM(F68:J68) -> 37 | L68: 5 | M68: =SUM(K68:L68) -> 42
A69: ='ATT-COSC--R-14-SEC-1'!A65 -> 13 | E69: ='ATT-COSC--R-14-SEC-1'!E65 -> 04501/14 | F69: 5 | G69: 7.5 | H69: 8 | I69: 14.5 | J69: 5 | K69: =SUM(F69:J69) -> 40 | L69: 8 | M69: =SUM(K69:L69) -> 48
A70: ='ATT-COSC--R-14-SEC-1'!A66 -> 14 | E70: ='ATT-COSC--R-14-SEC-1'!E66 -> 04500/14 | F70: 0 | G70: 7 | I70: 14.5 | J70: 5 | K70: =SUM(F70:J70) -> 26.5 | L70: 10 | M70: =SUM(K70:L70) -> 36.5
A71: ='ATT-COSC--R-14-SEC-1'!A67 -> 15 | E71: ='ATT-COSC--R-14-SEC-1'!E67 -> 04540/14 | F71: 0 | H71: 5 | I71: 15 | J71: 5 | K71: =SUM(F71:J71) -> 25 | M71: =SUM(K71:L71) -> 25 | N71: I
A72: ='ATT-COSC--R-14-SEC-1'!A68 -> 16 | E72: ='ATT-COSC--R-14-SEC-1'!E68 -> 04622/14 | F72: 0 | G72: 9 | H72: 9 | I72: 15 | J72: 4 | K72: =SUM(F72:J72) -> 37 | L72: 0 | M72: =SUM(K72:L72) -> 37
A73: ='ATT-COSC--R-14-SEC-1'!A69 -> 17 | E73: ='ATT-COSC--R-14-SEC-1'!E69 -> 04513/14 | F73: 5 | G73: 15 | H73: 10 | I73: 15 | J73: 5 | K73: =SUM(F73:J73) -> 50 | L73: 35 | M73: =SUM(K73:L73) -> 85
A74: ='ATT-COSC--R-14-SEC-1'!A70 -> 18 | E74: ='ATT-COSC--R-14-SEC-1'!E70 -> 04523/14 | F74: 0 | G74: 5 | H74: 9 | I74: 15 | J74: 5 | K74: =SUM(F74:J74) -> 34 | L74: 2.5 | M74: =SUM(K74:L74) -> 36.5
A75: ='ATT-COSC--R-14-SEC-1'!A71 -> 19 | E75: ='ATT-COSC--R-14-SEC-1'!E71 -> 04507/14 | F75: 5 | G75: 10.5 | H75: 9 | I75: 14 | J75: 5 | K75: =SUM(F75:J75) -> 43.5 | L75: 30.5 | M75: =SUM(K75:L75) -> 74
A76: ='ATT-COSC--R-14-SEC-1'!A72 -> 20 | E76: ='ATT-COSC--R-14-SEC-1'!E72 -> 06063/14 | F76: 0 | G76: 5 | H76: 5 | J76: 4 | K76: =SUM(F76:J76) -> 14 | M76: =SUM(K76:L76) -> 14 | N76: I
A77: ='ATT-COSC--R-14-SEC-1'!A73 -> 21 | E77: ='ATT-COSC--R-14-SEC-1'!E73 -> 04509/14 | F77: 5 | G77: 3 | H77: 8 | I77: 14 | J77: 5 | K77: =SUM(F77:J77) -> 35 | L77: 7.5 | M77: =SUM(K77:L77) -> 42.5
A78: ='ATT-COSC--R-14-SEC-1'!A74 -> 22 | E78: ='ATT-COSC--R-14-SEC-1'!E74 -> 04512/14 | F78: 5 | G78: 10 | H78: 9 | I78: 15 | J78: 5 | K78: =SUM(F78:J78) -> 44 | L78: 5 | M78: =SUM(K78:L78) -> 49
A79: ='ATT-COSC--R-14-SEC-1'!A75 -> 23 | E79: ='ATT-COSC--R-14-SEC-1'!E75 -> 04727/14 | F79: 0 | G79: 4 | H79: 5 | I79: 14.5 | J79: 3 | K79: =SUM(F79:J79) -> 26.5 | L79: 7.5 | M79: =SUM(K79:L79) -> 34
A80: ='ATT-COSC--R-14-SEC-1'!A76 -> 24 | E80: ='ATT-COSC--R-14-SEC-1'!E76 -> 04498/14 | F80: 5 | G80: 11 | H80: 9.5 | I80: 15 | J80: 5 | K80: =SUM(F80:J80) -> 45.5 | L80: 31 | M80: =SUM(K80:L80) -> 76.5
A81: ='ATT-COSC--R-14-SEC-1'!A77 -> 25 | E81: ='ATT-COSC--R-14-SEC-1'!E77 -> 04538/14 | F81: 0 | G81: 9.5 | H81: 9 | I81: 15 | J81: 5 | K81: =SUM(F81:J81) -> 38.5 | L81: 9.5 | M81: =SUM(K81:L81) -> 48
A82: ='ATT-COSC--R-14-SEC-1'!A78 -> 26 | E82: ='ATT-COSC--R-14-SEC-1'!E78 -> 04539/14 | F82: 0 | G82: 9.5 | I82: 15 | J82: 4 | K82: =SUM(F82:J82) -> 28.5 | L82: 7.5 | M82: =SUM(K82:L82) -> 36
A83: ='ATT-COSC--R-14-SEC-1'!A79 -> 27 | E83: ='ATT-COSC--R-14-SEC-1'!E79 -> 06064/13 | F83: 0 | G83: 7.5 | H83: 9.5 | I83: 13 | J83: 5 | K83: =SUM(F83:J83) -> 35 | L83: 5 | M83: =SUM(K83:L83) -> 40
A84: ='ATT-COSC--R-14-SEC-1'!A80 -> 28 | E84: ='ATT-COSC--R-14-SEC-1'!E80 -> 06123/23 | F84: 5 | G84: 10.5 | H84: 10 | I84: 15 | J84: 5 | K84: =SUM(F84:J84) -> 45.5 | L84: 21.5 | M84: =SUM(K84:L84) -> 67
A85: ='ATT-COSC--R-14-SEC-1'!A81 -> 29 | E85: ='ATT-COSC--R-14-SEC-1'!E81 -> 04502/14 | F85: 5 | G85: 15 | H85: 10 | I85: 14 | J85: 5 | K85: =SUM(F85:J85) -> 49 | L85: 45 | M85: =SUM(K85:L85) -> 94
A86: ='ATT-COSC--R-14-SEC-1'!A82 -> 30 | E86: ='ATT-COSC--R-14-SEC-1'!E82 -> 04497/14 | F86: 5 | G86: 4 | H86: 7 | I86: 14 | J86: 5 | K86: =SUM(F86:J86) -> 35 | L86: 14.5 | M86: =SUM(K86:L86) -> 49.5
A87: ='ATT-COSC--R-14-SEC-1'!A83 -> 31 | E87: ='ATT-COSC--R-14-SEC-1'!E83 -> 04508/14 | F87: 5 | G87: 7 | H87: 8 | I87: 14.5 | J87: 4 | K87: =SUM(F87:J87) -> 38.5 | L87: 12.5 | M87: =SUM(K87:L87) -> 51
A88: ='ATT-COSC--R-14-SEC-1'!A84 -> 32 | E88: ='ATT-COSC--R-14-SEC-1'!E84 -> 04499/14 | F88: 0 | G88: 14 | H88: 9.5 | I88: 14.5 | J88: 5 | K88: =SUM(F88:J88) -> 43 | L88: 40.5 | M88: =SUM(K88:L88) -> 83.5
A89: ='ATT-COSC--R-14-SEC-1'!A85 -> 33 | E89: ='ATT-COSC--R-14-SEC-1'!E85 -> 04520/14 | F89: 5 | G89: 10 | H89: 7 | I89: 14.5 | J89: 5 | K89: =SUM(F89:J89) -> 41.5 | M89: =SUM(K89:L89) -> 41.5
A90: ='ATT-COSC--R-14-SEC-1'!A86 -> 34 | E90: ='ATT-COSC--R-14-SEC-1'!E86 -> 04470/14 | F90: 0 | G90: 6 | H90: 5 | I90: 14.5 | J90: 5 | K90: =SUM(F90:J90) -> 30.5 | L90: 0 | M90: =SUM(K90:L90) -> 30.5
A91: ='ATT-COSC--R-14-SEC-1'!A87 -> 35
A92: ='ATT-COSC--R-14-SEC-1'!A88 -> 36
A93: ='ATT-COSC--R-14-SEC-1'!A89 -> 37
A94: ADD STUDENTS
A95: NO. | B95: NAME | E95: ID.NO | H95: ASSIGNMENT | J95: Attend | K95: Total | L95: Final | M95: Total | N95: Grade
G96: 0.1 | H96: Ind.(10%) | I96: Team(5%) | J96: 0.05 | K96: 0.5 | L96: 0.5 | M96: 1
A97: 1 | E97: ='ATT-COSC--R-14-SEC-1'!E92 -> 04743/13 | F97: 5 | G97: 11.5 | H97: 8 | I97: 14.5 | J97: 5 | K97: =SUM(F97:J97) -> 44 | L97: 37 | M97: =SUM(K97:L97) -> 81
A98: 2 | E98: ='ATT-COSC--R-14-SEC-1'!E93 -> 03324/13
A99: 3 | D99: ='ATT-COSC--R-14-SEC-1'!D94 -> 0
A100: 4 | B100: ='ATT-COSC--R-14-SEC-1'!B95 -> 0 | C100: ='ATT-COSC--R-14-SEC-1'!C95 -> 0 | D100: ='ATT-COSC--R-14-SEC-1'!D95 -> 0 | E100: ='ATT-COSC--R-14-SEC-1'!E95 -> 0
A101: 5 | B101: ='ATT-COSC--R-14-SEC-1'!B96 -> 0 | C101: ='ATT-COSC--R-14-SEC-1'!C96 -> 0 | D101: ='ATT-COSC--R-14-SEC-1'!D96 -> 0 | E101: ='ATT-COSC--R-14-SEC-1'!E96 -> 0
A102: UNITY UNIVERSITY ADAMA SPECIAL CAMPUS
A103: COSC/R/14 Year II Semester II 2023 (2015 E.C) Cont.ASSESSMENT FORM
A105: ='ATT-COSC--R-14-SEC-1'!A100:Y100 -> COURSE TITLE: Computer Organ. and Assembly COURSE NO: Cosc 2042 SEC-1 INSTRUCTOR:

Sheet GRS-COSC-R-14-SEC-1
A1: COSC/REG/14
A2: UNITY UNIVERSITY
A3: ADAMA CAMPUS
A4: OFFICE OF REGISTRAR
A5: GRADE SUBMISSION FORM
A6: Year II Semester II 2023 | H6: =A6 -> Year II Semester II 2023
A7: COURSE TITLE: Basic Electricity & Electronics | H7: =A7 -> COURSE TITLE: Basic Electricity & Electronics
A8: COURSE NO: Phys 2042 | H8: =A8 -> COURSE NO: Phys 2042
A9: SECTION: COSC/R/14-1 | H9: =A9 -> SECTION: COSC/R/14-1
A10: INSTRUCTOR: | H10: =A10 -> INSTRUCTOR:
A11: S.N | B11: STUDENTS NAME | D11: ID.NO | E11: GRADE | I11: ID.NO | J11: GRADE
A12: ='CONN-COSC-R-14-SEC-1'!A9 -> 0 | B12: ='CONN-COSC-R-14-SEC-1'!B9 -> 0 | C12: ='CONN-COSC-R-14-SEC-1'!C9 -> 0 | D12: ='CONN-COSC-R-14-SEC-1'!E9 -> 0 | I12: =D12 -> 0
A13: ='CONN-COSC-R-14-SEC-1'!A10 -> 0 | B13: ='CONN-COSC-R-14-SEC-1'!B10 -> 0 | C13: ='CONN-COSC-R-14-SEC-1'!C10 -> 0 | D13: ='CONN-COSC-R-14-SEC-1'!E10 -> 0 | I13: =D13 -> 0
A14: ='CONN-COSC-R-14-SEC-1'!A11 -> 0 | B14: ='CONN-COSC-R-14-SEC-1'!B11 -> 0 | C14: ='CONN-COSC-R-14-SEC-1'!C11 -> 0 | D14: ='CONN-COSC-R-14-SEC-1'!E11 -> 0 | I14: =D14 -> 0
A15: ='CONN-COSC-R-14-SEC-1'!A12 -> 0 | B15: ='CONN-COSC-R-14-SEC-1'!B12 -> 0 | C15: ='CONN-COSC-R-14-SEC-1'!C12 -> 0 | D15: ='CONN-COSC-R-14-SEC-1'!E12 -> 0 | F15: Grade Summary | I15: =D15 -> 0
A16: ='CONN-COSC-R-14-SEC-1'!A13 -> 0 | B16: ='CONN-COSC-R-14-SEC-1'!B13 -> 0 | C16: ='CONN-COSC-R-14-SEC-1'!C13 -> 0 | D16: ='CONN-COSC-R-14-SEC-1'!E13 -> 0 | F16: A+'S------ | I16: =D16 -> 0
A17: ='CONN-COSC-R-14-SEC-1'!A14 -> 0 | B17: ='CONN-COSC-R-14-SEC-1'!B14 -> 0 | C17: ='CONN-COSC-R-14-SEC-1'!C14 -> 0 | D17: ='CONN-COSC-R-14-SEC-1'!E14 -> 0 | F17: A'S | I17: =D17 -> 0
A18: ='CONN-COSC-R-14-SEC-1'!A15 -> 0 | B18: ='CONN-COSC-R-14-SEC-1'!B15 -> 0 | C18: ='CONN-COSC-R-14-SEC-1'!C15 -> 0 | D18: ='CONN-COSC-R-14-SEC-1'!E15 -> 0 | F18: B+'S----- | I18: =D18 -> 0
A19: ='CONN-COSC-R-14-SEC-1'!A16 -> 0 | B19: ='CONN-COSC-R-14-SEC-1'!B16 -> 0 | C19: ='CONN-COSC-R-14-SEC-1'!C16 -> 0 | D19: ='CONN-COSC-R-14-SEC-1'!E16 -> 0 | F19: B'S------- | I19: =D19 -> 0
A20: ='CONN-COSC-R-14-SEC-1'!A17 -> 0 | B20: ='CONN-COSC-R-14-SEC-1'!B17 -> 0 | C20: ='CONN-COSC-R-14-SEC-1'!C17 -> 0 | D20: ='CONN-COSC-R-14-SEC-1'!E17 -> 0 | F20: C+'S----- | I20: =D20 -> 0
A21: ='CONN-COSC-R-14-SEC-1'!A18 -> 0 | B21: ='CONN-COSC-R-14-SEC-1'!B18 -> 0 | C21: ='CONN-COSC-R-14-SEC-1'!C18 -> 0 | D21: ='CONN-COSC-R-14-SEC-1'!E18 -> 0 | F21: C'S------ | I21: =D21 -> 0
A22: ='CONN-COSC-R-14-SEC-1'!A19 -> 0 | B22: ='CONN-COSC-R-14-SEC-1'!B19 -> 0 | C22: ='CONN-COSC-R-14-SEC-1'!C19 -> 0 | D22: ='CONN-COSC-R-14-SEC-1'!E19 -> 0 | F22: NG'S----- | I22: =D22 -> 0
A23: ='CONN-COSC-R-14-SEC-1'!A20 -> 0 | B23: ='CONN-COSC-R-14-SEC-1'!B20 -> 0 | C23: ='CONN-COSC-R-14-SEC-1'!C20 -> 0 | D23: ='CONN-COSC-R-14-SEC-1'!E20 -> 0 | F23: D'S------ | I23: =D23 -> 0
A24: ='CONN-COSC-R-14-SEC-1'!A21 -> 0 | B24: ='CONN-COSC-R-14-SEC-1'!B21 -> 0 | C24: ='CONN-COSC-R-14-SEC-1'!C21 -> 0 | D24: ='CONN-COSC-R-14-SEC-1'!E21 -> 0 | F24: I'S-------- | I24: =D24 -> 0
A25: ='CONN-COSC-R-14-SEC-1'!A22 -> 0 | B25: ='CONN-COSC-R-14-SEC-1'!B22 -> 0 | C25: ='CONN-COSC-R-14-SEC-1'!C22 -> 0 | D25: ='CONN-COSC-R-14-SEC-1'!E22 -> 0 | F25: F'S------- | I25: =D25 -> 0
A26: ='CONN-COSC-R-14-SEC-1'!A23 -> 0 | B26: ='CONN-COSC-R-14-SEC-1'!B23 -> 0 | C26: ='CONN-COSC-R-14-SEC-1'!C23 -> 0 | D26: ='CONN-COSC-R-14-SEC-1'!E23 -> 0 | F26: TOTAL------ | I26: =D26 -> 0
A27: ='CONN-COSC-R-14-SEC-1'!A24 -> 0 | B27: ='CONN-COSC-R-14-SEC-1'!B24 -> 0 | C27: ='CONN-COSC-R-14-SEC-1'!C24 -> 0 | D27: ='CONN-COSC-R-14-SEC-1'!E24 -> 0 | I27: =D27 -> 0
A28: ='CONN-COSC-R-14-SEC-1'!A25 -> 0 | B28: ='CONN-COSC-R-14-SEC-1'!B25 -> 0 | C28: ='CONN-COSC-R-14-SEC-1'!C25 -> 0 | D28: ='CONN-COSC-R-14-SEC-1'!E25 -> 0 | I28: =D28 -> 0
A29: ='CONN-COSC-R-14-SEC-1'!A26 -> 0 | B29: ='CONN-COSC-R-14-SEC-1'!B26 -> 0 | C29: ='CONN-COSC-R-14-SEC-1'!C26 -> 0 | D29: ='CONN-COSC-R-14-SEC-1'!E26 -> 0 | I29: =D29 -> 0
A30: ='CONN-COSC-R-14-SEC-1'!A27 -> 0 | B30: ='CONN-COSC-R-14-SEC-1'!B27 -> 0 | C30: ='CONN-COSC-R-14-SEC-1'!C27 -> 0 | D30: ='CONN-COSC-R-14-SEC-1'!E27 -> 0 | I30: =D30 -> 0
A31: ='CONN-COSC-R-14-SEC-1'!A28 -> 0 | B31: ='CONN-COSC-R-14-SEC-1'!B28 -> 0 | C31: ='CONN-COSC-R-14-SEC-1'!C28 -> 0 | D31: ='CONN-COSC-R-14-SEC-1'!E28 -> 0 | I31: =D31 -> 0
A32: ='CONN-COSC-R-14-SEC-1'!A29 -> 0 | B32: ='CONN-COSC-R-14-SEC-1'!B29 -> 0 | C32: ='CONN-COSC-R-14-SEC-1'!C29 -> 0 | D32: ='CONN-COSC-R-14-SEC-1'!E29 -> 0 | I32: =D32 -> 0
A33: ='CONN-COSC-R-14-SEC-1'!A30 -> 0 | B33: ='CONN-COSC-R-14-SEC-1'!B30 -> 0 | C33: ='CONN-COSC-R-14-SEC-1'!C30 -> 0 | D33: ='CONN-COSC-R-14-SEC-1'!E30 -> 0 | I33: =D33 -> 0
A34: ='CONN-COSC-R-14-SEC-1'!A31 -> 0 | B34: ='CONN-COSC-R-14-SEC-1'!B31 -> 0 | C34: ='CONN-COSC-R-14-SEC-1'!C31 -> 0 | D34: ='CONN-COSC-R-14-SEC-1'!E31 -> 0 | I34: =D34 -> 0
A35: ='CONN-COSC-R-14-SEC-1'!A32 -> 0 | B35: ='CONN-COSC-R-14-SEC-1'!B32 -> 0 | C35: ='CONN-COSC-R-14-SEC-1'!C32 -> 0 | D35: ='CONN-COSC-R-14-SEC-1'!E32 -> 0 | I35: =D35 -> 0
A36: ='CONN-COSC-R-14-SEC-1'!A33 -> 0 | B36: ='CONN-COSC-R-14-SEC-1'!B33 -> 0 | C36: ='CONN-COSC-R-14-SEC-1'!C33 -> 0 | D36: ='CONN-COSC-R-14-SEC-1'!E33 -> 0 | I36: =D36 -> 0
A37: ='CONN-COSC-R-14-SEC-1'!A34 -> 0 | B37: ='CONN-COSC-R-14-SEC-1'!B34 -> 0 | C37: ='CONN-COSC-R-14-SEC-1'!C34 -> 0 | D37: ='CONN-COSC-R-14-SEC-1'!E34 -> 0 | I37: =D37 -> 0
A38: ='CONN-COSC-R-14-SEC-1'!A35 -> 0 | B38: ='CONN-COSC-R-14-SEC-1'!B35 -> 0 | C38: ='CONN-COSC-R-14-SEC-1'!C35 -> 0 | D38: ='CONN-COSC-R-14-SEC-1'!E35 -> 0 | I38: =D38 -> 0
... A44: ='CONN-COSC-R-14-SEC-1'!A41 -> 0 | B44: ='CONN-COSC-R-14-SEC-1'!B41 -> 0 | C44: ='CONN-COSC-R-14-SEC-1'!C41 -> 0 | D44: ='CONN-COSC-R-14-SEC-1'!E41 -> 0 | I44: =D44 -> 0
A45: ADD STUDENTS | I45: ADD STUDENTS
A46: 1 | B46: ='CONN-COSC-R-14-SEC-1'!B45 -> 0 | C46: ='CONN-COSC-R-14-SEC-1'!C45 -> 0 | D46: ='CONN-COSC-R-14-SEC-1'!E45 -> 0 | I46: =D46 -> 0
A47: 2 | B47: ='CONN-COSC-R-14-SEC-1'!B46 -> 0 | C47: ='CONN-COSC-R-14-SEC-1'!C46 -> 0 | D47: ='CONN-COSC-R-14-SEC-1'!E46 -> 0 | I47: =D47 -> 0
A48: 3 | B48: ='CONN-COSC-R-14-SEC-1'!B47 -> 0 | C48: ='CONN-COSC-R-14-SEC-1'!C47 -> 0 | D48: ='CONN-COSC-R-14-SEC-1'!E47 -> 0 | I48: =D48 -> 0
A49: 4 | B49: ='CONN-COSC-R-14-SEC-1'!B48 -> 0 | C49: ='CONN-COSC-R-14-SEC-1'!C48 -> 0 | D49: ='CONN-COSC-R-14-SEC-1'!E48 -> 0 | I49: =D49 -> 0
A50: 5
A52: UNITY UNIVERSITY
A53: ADAMA SPECIAL CAMPUS
A54: OFFICE OF REGISTRAR
A55: GRADE SUBMISSION FORM
A56: Year II Semester II 2023 | H56: =A56 -> Year II Semester II 2023
A57: COURSE TITLE: Linear Algebra | H57: =A57 -> COURSE TITLE: Linear Algebra
A58: COURSE NO: Math 2022 | H58: =A58 -> COURSE NO: Math 2022
A59: SECTION: COSC/R/14-1 | H59: =A59 -> SECTION: COSC/R/14-1
A60: INSTRUCTOR: DESTA | H60: =A60 -> INSTRUCTOR: DESTA
A61: S.N | B61: STUDENTS NAME | D61: ID.NO | E61: GRADE | I61: ID.NO | J61: GRADE
A62: ='CONN-COSC-R-14-SEC-1'!A57 -> 1 | B62: ='CONN-COSC-R-14-SEC-1'!B57 -> 0 | C62: ='CONN-COSC-R-14-SEC-1'!C57 -> 0 | D62: ='CONN-COSC-R-14-SEC-1'!E57 -> 04529/14 | I62: =D62 -> 04529/14
A63: ='CONN-COSC-R-14-SEC-1'!A58 -> 2 | B63: ='CONN-COSC-R-14-SEC-1'!B58 -> 0 | C63: ='CONN-COSC-R-14-SEC-1'!C58 -> 0 | D63: ='CONN-COSC-R-14-SEC-1'!E58 -> 04516/14 | I63: =D63 -> 04516/14
A64: ='CONN-COSC-R-14-SEC-1'!A59 -> 3 | B64: ='CONN-COSC-R-14-SEC-1'!B59 -> 0 | C64: ='CONN-COSC-R-14-SEC-1'!C59 -> 0 | D64: ='CONN-COSC-R-14-SEC-1'!E59 -> 04636/14 | I64: =D64 -> 04636/14
A65: ='CONN-COSC-R-14-SEC-1'!A60 -> 4 | B65: ='CONN-COSC-R-14-SEC-1'!B60 -> 0 | C65: ='CONN-COSC-R-14-SEC-1'!C60 -> 0 | D65: ='CONN-COSC-R-14-SEC-1'!E60 -> 04525/14 | F65: Grade Summary | I65: =D65 -> 04525/14
A66: ='CONN-COSC-R-14-SEC-1'!A61 -> 5 | B66: ='CONN-COSC-R-14-SEC-1'!B61 -> 0 | C66: ='CONN-COSC-R-14-SEC-1'!C61 -> 0 | D66: ='CONN-COSC-R-14-SEC-1'!E61 -> 04522/14 | F66: A+'S------ | I66: =D66 -> 04522/14
A67: ='CONN-COSC-R-14-SEC-1'!A62 -> 6 | B67: ='CONN-COSC-R-14-SEC-1'!B62 -> 0 | C67: ='CONN-COSC-R-14-SEC-1'!C62 -> 0 | D67: ='CONN-COSC-R-14-SEC-1'!E62 -> 04494/14 | F67: A'S | I67: =D67 -> 04494/14
A68: ='CONN-COSC-R-14-SEC-1'!A63 -> 7 | B68: ='CONN-COSC-R-14-SEC-1'!B63 -> 0 | C68: ='CONN-COSC-R-14-SEC-1'!C63 -> 0 | D68: ='CONN-COSC-R-14-SEC-1'!E63 -> 04136/14 | F68: B+'S----- | I68: =D68 -> 04136/14
A69: ='CONN-COSC-R-14-SEC-1'!A64 -> 8 | B69: ='CONN-COSC-R-14-SEC-1'!B64 -> 0 | C69: ='CONN-COSC-R-14-SEC-1'!C64 -> 0 | D69: ='CONN-COSC-R-14-SEC-1'!E64 -> 06120/14 | F69: B'S------- | I69: =D69 -> 06120/14
A70: ='CONN-COSC-R-14-SEC-1'!A65 -> 9 | B70: ='CONN-COSC-R-14-SEC-1'!B65 -> 0 | C70: ='CONN-COSC-R-14-SEC-1'!C65 -> 0 | D70: ='CONN-COSC-R-14-SEC-1'!E65 -> 04493/14 | F70: C+'S----- | I70: =D70 -> 04493/14
A71: ='CONN-COSC-R-14-SEC-1'!A66 -> 10 | B71: ='CONN-COSC-R-14-SEC-1'!B66 -> 0 | C71: ='CONN-COSC-R-14-SEC-1'!C66 -> 0 | D71: ='CONN-COSC-R-14-SEC-1'!E66 -> 04510/14 | F71: C'S------ | I71: =D71 -> 04510/14
A72: ='CONN-COSC-R-14-SEC-1'!A67 -> 11 | B72: ='CONN-COSC-R-14-SEC-1'!B67 -> 0 | C72: ='CONN-COSC-R-14-SEC-1'!C67 -> 0 | D72: ='CONN-COSC-R-14-SEC-1'!E67 -> 04518/14 | F72: NG'S----- | I72: =D72 -> 04518/14
A73: ='CONN-COSC-R-14-SEC-1'!A68 -> 12 | B73: ='CONN-COSC-R-14-SEC-1'!B68 -> 0 | C73: ='CONN-COSC-R-14-SEC-1'!C68 -> 0 | D73: ='CONN-COSC-R-14-SEC-1'!E68 -> 04515/14 | F73: D'S------ | I73: =D73 -> 04515/14
A74: ='CONN-COSC-R-14-SEC-1'!A69 -> 13 | B74: ='CONN-COSC-R-14-SEC-1'!B69 -> 0 | C74: ='CONN-COSC-R-14-SEC-1'!C69 -> 0 | D74: ='CONN-COSC-R-14-SEC-1'!E69 -> 04501/14 | F74: I'S-------- | I74: =D74 -> 04501/14
A75: ='CONN-COSC-R-14-SEC-1'!A70 -> 14 | B75: ='CONN-COSC-R-14-SEC-1'!B70 -> 0 | C75: ='CONN-COSC-R-14-SEC-1'!C70 -> 0 | D75: ='CONN-COSC-R-14-SEC-1'!E70 -> 04500/14 | F75: F'S------- | I75: =D75 -> 04500/14
A76: ='CONN-COSC-R-14-SEC-1'!A71 -> 15 | B76: ='CONN-COSC-R-14-SEC-1'!B71 -> 0 | C76: ='CONN-COSC-R-14-SEC-1'!C71 -> 0 | D76: ='CONN-COSC-R-14-SEC-1'!E71 -> 04540/14 | F76: TOTAL------ | I76: =D76 -> 04540/14
A77: ='CONN-COSC-R-14-SEC-1'!A72 -> 16 | B77: ='CONN-COSC-R-14-SEC-1'!B72 -> 0 | C77: ='CONN-COSC-R-14-SEC-1'!C72 -> 0 | D77: ='CONN-COSC-R-14-SEC-1'!E72 -> 04622/14 | I77: =D77 -> 04622/14
A78: ='CONN-COSC-R-14-SEC-1'!A73 -> 17 | B78: ='CONN-COSC-R-14-SEC-1'!B73 -> 0 | C78: ='CONN-COSC-R-14-SEC-1'!C73 -> 0 | D78: ='CONN-COSC-R-14-SEC-1'!E73 -> 04513/14 | I78: =D78 -> 04513/14
A79: ='CONN-COSC-R-14-SEC-1'!A74 -> 18 | B79: ='CONN-COSC-R-14-SEC-1'!B74 -> 0 | C79: ='CONN-COSC-R-14-SEC-1'!C74 -> 0 | D79: ='CONN-COSC-R-14-SEC-1'!E74 -> 04523/14 | I79: =D79 -> 04523/14
A80: ='CONN-COSC-R-14-SEC-1'!A75 -> 19 | B80: ='CONN-COSC-R-14-SEC-1'!B75 -> 0 | C80: ='CONN-COSC-R-14-SEC-1'!C75 -> 0 | D80: ='CONN-COSC-R-14-SEC-1'!E75 -> 04507/14 | I80: =D80 -> 04507/14
A81: ='CONN-COSC-R-14-SEC-1'!A76 -> 20 | B81: ='CONN-COSC-R-14-SEC-1'!B76 -> 0 | C81: ='CONN-COSC-R-14-SEC-1'!C76 -> 0 | D81: ='CONN-COSC-R-14-SEC-1'!E76 -> 06063/14 | I81: =D81 -> 06063/14
A82: ='CONN-COSC-R-14-SEC-1'!A77 -> 21 | B82: ='CONN-COSC-R-14-SEC-1'!B77 -> 0 | C82: ='CONN-COSC-R-14-SEC-1'!C77 -> 0 | D82: ='CONN-COSC-R-14-SEC-1'!E77 -> 04509/14 | I82: =D82 -> 04509/14
A83: ='CONN-COSC-R-14-SEC-1'!A78 -> 22 | B83: ='CONN-COSC-R-14-SEC-1'!B78 -> 0 | C83: ='CONN-COSC-R-14-SEC-1'!C78 -> 0 | D83: ='CONN-COSC-R-14-SEC-1'!E78 -> 04512/14 | I83: =D83 -> 04512/14
A84: ='CONN-COSC-R-14-SEC-1'!A79 -> 23 | B84: ='CONN-COSC-R-14-SEC-1'!B79 -> 0 | C84: ='CONN-COSC-R-14-SEC-1'!C79 -> 0 | D84: ='CONN-COSC-R-14-SEC-1'!E79 -> 04727/14 | I84: =D84 -> 04727/14
A85: ='CONN-COSC-R-14-SEC-1'!A80 -> 24 | B85: ='CONN-COSC-R-14-SEC-1'!B80 -> 0 | C85: ='CONN-COSC-R-14-SEC-1'!C80 -> 0 | D85: ='CONN-COSC-R-14-SEC-1'!E80 -> 04498/14 | I85: =D85 -> 04498/14
A86: ='CONN-COSC-R-14-SEC-1'!A81 -> 25 | B86: ='CONN-COSC-R-14-SEC-1'!B81 -> 0 | C86: ='CONN-COSC-R-14-SEC-1'!C81 -> 0 | D86: ='CONN-COSC-R-14-SEC-1'!E81 -> 04538/14 | I86: =D86 -> 04538/14
A87: ='CONN-COSC-R-14-SEC-1'!A82 -> 26 | B87: ='CONN-COSC-R-14-SEC-1'!B82 -> 0 | C87: ='CONN-COSC-R-14-SEC-1'!C82 -> 0 | D87: ='CONN-COSC-R-14-SEC-1'!E82 -> 04539/14 | I87: =D87 -> 04539/14
A88: ='CONN-COSC-R-14-SEC-1'!A83 -> 27 | B88: ='CONN-COSC-R-14-SEC-1'!B83 -> 0 | C88: ='CONN-COSC-R-14-SEC-1'!C83 -> 0 | D88: ='CONN-COSC-R-14-SEC-1'!E83 -> 06064/13 | I88: =D88 -> 06064/13
... A98: ='CONN-COSC-R-14-SEC-1'!A93 -> 37 | B98: ='CONN-COSC-R-14-SEC-1'!B93 -> 0 | C98: ='CONN-COSC-R-14-SEC-1'!C93 -> 0 | D98: ='CONN-COSC-R-14-SEC-1'!E93 -> 0 | I98: =D98 -> 0
A99: ADD STUDENTS | I99: ADD STUDENTS
A100: 1 | B100: ='CONN-COSC-R-14-SEC-1'!B97 -> 0 | C100: ='CONN-COSC-R-14-SEC-1'!C97 -> 0 | D100: ='CONN-COSC-R-14-SEC-1'!E97 -> 04743/13 | I100: =D100 -> 04743/13
A101: 2 | B101: ='CONN-COSC-R-14-SEC-1'!B98 -> 0 | C101: ='CONN-COSC-R-14-SEC-1'!C98 -> 0 | D101: ='CONN-COSC-R-14-SEC-1'!E98 -> 03324/13 | I101: =D101 -> 03324/13
A102: 3 | B102: ='CONN-COSC-R-14-SEC-1'!B99 -> 0 | C102: ='CONN-COSC-R-14-SEC-1'!C99 -> 0 | D102: ='CONN-COSC-R-14-SEC-1'!E99 -> 0 | I102: =D102 -> 0
A103: 4 | B103: ='CONN-COSC-R-14-SEC-1'!B100 -> 0 | C103: ='CONN-COSC-R-14-SEC-1'!C100 -> 0 | D103: ='CONN-COSC-R-14-SEC-1'!E100 -> 0 | I103: =D103 -> 0
A104: 5 | I104: =D104 -> 0
A105: 6 | I105: =D105 -> 0
A106: UNITY UNIVERSITY
A107: ADAMA CAMPUS
A108: OFFICE OF REGISTRAR
A109: GRADE SUBMISSION FORM
A110: Year II Semester II 2023 | H110: =A110 -> Year II Semester II 2023
A111: COURSE TITLE: Computer Organ. and Assembly | H111: =A111 -> COURSE TITLE: Computer Organ. and Assembly
A112: COURSE NO: Cosc 2042 | H112: =A112 -> COURSE NO: Cosc 2042
A113: SECTION: COSC/R/14-1 | H113: =A113 -> SECTION: COSC/R/14-1
A114: INSTRUCTOR: | H114: =A114 -> INSTRUCTOR:
A115: S.N | B115: STUDENTS NAME | D115: ID.NO | E115: GRADE | I115: ID.NO | J115: GRADE
...

Sheet ATT-COSC-R-14-SEC-2
A1: COSC/REG/14
A2: UNITY UNIVERSITY ADAMA CAMPUS
A3: COSC/R/14 Year II Semester II 2023 (2015 E.C) ATTENDANCE FORM
A5: COURSE TITLE: Basic Electricity & Electronics COURSE NO: Phys 2042 SEC-2 INSTRUCTOR:
A6: NO. | B6: STUDENTS NAME | E6: ID.NO
A7: 1 | B7: ABEL | C7: MESFIN | D7: SEBOKA | E7: 04575/14
A8: 2 | B8: ABEL | C8: TAMIRU | D8: TEKELESILASE | E8: 04472/14
A9: 3 | B9: AMANUEL | C9: BUKUNE | D9: TESEMA | E9: 04521/14
A10: 4 | B10: AMIR | C10: AHMED | D10: BELAYNESH | E10: 04552/14
A11: 5 | B11: BEAMLAK | C11: TECHANE | D11: MEKONIN | E11: 04563/14
A12: 6 | B12: BINIYAM | C12: MULAT | D12: TEGESHE | E12: 04565/14
A13: 7 | B13: DAWIT | C13: KETEMA | D13: TADESSE | E13: 04537/14
A14: 8 | B14: EYUEL | C14: ABIYOT | D14: FELEKE | E14: 04570/14
A15: 9 | B15: FAIZ | C15: TEMAM | D15: NURI | E15: 04564/14
A16: 10 | B16: MATIYOS | C16: MARKOS | D16: YOHANNIS | E16: 04548/14
A17: 11 | B17: MELAKU | C17: GENENE | D17: AKLOK | E17: 04549/14
A18: 12 | B18: MICHIAS | C18: ESHEU | D18: MULAT | E18: 04560/14
... A36: 30 | B36: ZELALEM | C36: MULUNEH | D36: DARIYOS | E36: 04559/14
A37: ADD STUDENTS
A38: NO. | B38: STUDENTS NAME | E38: ID.NO
A39: 1 | B39: DEME | C39: TEMESGEN | D39: TOLA | E39: 02588/12
A40: 2 | B40: ELFOLI | C40: ERMIAS | D40: HAILU | E40: 02688/12
A41: 3 | B41: YOHANNES | C41: ASEFA | D41: TEKLU | E41: 02108/12
A42: 4 | B42: YOHANNIS | C42: AKLILU | D42: GASHAW | E42: 02616/12
A43: 5
A44: UNITY UNIVERSITY ADAMA CAMPUS
A45: COSC/R/14 Year II Semester II 2023 (2015 E.C) ATTENDANCE FORM
A47: COURSE TITLE: Linear Algebra COURSE NO: Math 2022 SEC-2 INSTRUCTOR:
A48: NO. | B48: STUDENTS NAME | E48: ID.NO
A49: 1 | B49: ABEL | C49: MESFIN | D49: SEBOKA | E49: 04575/14
A50: 2 | B50: ABEL | C50: TAMIRU | D50: TEKELESILASE | E50: 04472/14
A51: 3 | B51: AMANUEL | C51: BUKUNE | D51: TESEMA | E51: 04521/14
A52: 4 | B52: AMIR | C52: AHMED | D52: BELAYNESH | E52: 04552/14
A53: 5 | B53: BEAMLAK | C53: TECHANE | D53: MEKONIN | E53: 04563/14
A54: 6 | B54: BINIYAM | C54: MULAT | D54: TEGESHE | E54: 04565/14
A55: 7 | B55: DAWIT | C55: KETEMA | D55: TADESSE | E55: 04537/14
A56: 8 | B56: EYUEL | C56: ABIYOT | D56: FELEKE | E56: 04570/14
A57: 9 | B57: FAIZ | C57: TEMAM | D57: NURI | E57: 04564/14
A58: 10 | B58: MATIYOS | C58: MARKOS | D58: YOHANNIS | E58: 04548/14
A59: 11 | B59: MELAKU | C59: GENENE | D59: AKLOK | E59: 04549/14
A60: 12 | B60: MICHIAS | C60: ESHEU | D60: MULAT | E60: 04560/14
... A78: 30 | B78: ZELALEM | C78: MULUNEH | D78: DARIYOS | E78: 04559/14
A79: ADD STUDENTS
A80: NO. | B80: STUDENTS NAME | E80: ID.NO
A81: 1
A82: 2
A83: 3
A84: 4
A85: 5
A86: UNITY UNIVERSITY ADAMA CAMPUS
A87: COSC/R/14 Year II Semester II 2023 (2015 E.C) ATTENDANCE FORM
A89: COURSE TITLE: Computer Organ. and Assembly COURSE NO: Cosc 2042 SEC-2 INSTRUCTOR:
A90: NO. | B90: STUDENTS NAME | E90: ID.NO
A91: 1 | B91: ABEL | C91: MESFIN | D91: SEBOKA | E91: 04575/14
A92: 2 | B92: ABEL | C92: TAMIRU | D92: TEKELESILASE | E92: 04472/14
A93: 3 | B93: AMANUEL | C93: BUKUNE | D93: TESEMA | E93: 04521/14
A94: 4 | B94: AMIR | C94: AHMED | D94: BELAYNESH | E94: 04552/14
A95: 5 | B95: BEAMLAK | C95: TECHANE | D95: MEKONIN | E95: 04563/14
A96: 6 | B96: BINIYAM | C96: MULAT | D96: TEGESHE | E96: 04565/14
A97: 7 | B97: DAWIT | C97: KETEMA | D97: TADESSE | E97: 04537/14
A98: 8 | B98: EYUEL | C98: ABIYOT | D98: FELEKE | E98: 04570/14
A99: 9 | B99: FAIZ | C99: TEMAM | D99: NURI | E99: 04564/14
A100: 10 | B100: MATIYOS | C100: MARKOS | D100: YOHANNIS | E100: 04548/14
A101: 11 | B101: MELAKU | C101: GENENE | D101: AKLOK | E101: 04549/14
A102: 12 | B102: MICHIAS | C102: ESHEU | D102: MULAT | E102: 04560/14
... A120: 30 | B120: ZELALEM | C120: MULUNEH | D120: DARIYOS | E120: 04559/14
A121: ADD STUDENTS
A122: NO. | B122: STUDENTS NAME | E122: ID.NO
A123: 1 | B123: ESTUBDINK | C123: ALEMAYEHU | D123: ADEFIRS | E123: 03394/13
A124: 2
A125: 3
A126: 4
A127: 5
A129: UNITY UNIVERSITY ADAMA CAMPUS
A130: COSC/R/14 Year II Semester II 2023 (2015 E.C) ATTENDANCE FORM
A132: COURSE TITLE: Fundamental of Databese mgmt. System COURSE NO: COSC 2072 SEC-2 INSTRUCTOR:
A133: NO. | B133: STUDENTS NAME | E133: ID.NO
A134: 1 | B134: ABEL | C134: MESFIN | D134: SEBOKA | E134: 04575/14
A135: 2 | B135: ABEL | C135: TAMIRU | D135: TEKELESILASE | E135: 04472/14
A136: 3 | B136: AMANUEL | C136: BUKUNE | D136: TESEMA | E136: 04521/14
A137: 4 | B137: AMIR | C137: AHMED | D137: BELAYNESH | E137: 04552/14
A138: 5 | B138: BEAMLAK | C138: TECHANE | D138: MEKONIN | E138: 04563/14
A139: 6 | B139: BINIYAM | C139: MULAT | D139: TEGESHE | E139: 04565/14
A140: 7 | B140: DAWIT | C140: KETEMA | D140: TADESSE | E140: 04537/14
A141: 8 | B141: EYUEL | C141: ABIYOT | D141: FELEKE | E141: 04570/14
A142: 9 | B142: FAIZ | C142: TEMAM | D142: NURI | E142: 04564/14
A143: 10 | B143: MATIYOS | C143: MARKOS | D143: YOHANNIS | E143: 04548/14
A144: 11 | B144: MELAKU | C144: GENENE | D144: AKLOK | E144: 04549/14
A145: 12 | B145: MICHIAS | C145: ESHEU | D145: MULAT | E145: 04560/14
... A163: 30 | B163: ZELALEM | C163: MULUNEH | D163: DARIYOS | E163: 04559/14
A164: ADD STUDENTS
A165: NO. | B165: STUDENTS NAME | E165: ID.NO
A166: 1
A167: 2
A168: 3
A169: 4
A170: 5
A171: UNITY UNIVERSITY ADAMA CAMPUS
A172: COSC/R/14 Year II Semester II 2023 (2015 E.C) ATTENDANCE FORM
A174: COURSE TITLE: Inclusiveness COURSE NO: Snie 2012 SEC-2 INSTRUCTOR: DR. DEREJE
...

Sheet CONN-COSC-R-14-SEC-2
A1: COSC/REG/14
A3: UNITY UNIVERSITY ADAMA CAMPUS
A4: COSC/R/14 Year II Semester II 2023 (2015 E.C) Cont.ASSESSMENT FORM
A6: ='ATT-COSC-R-14-SEC-2'!A5:Y5 -> COURSE TITLE: Basic Electricity & Electronics COURSE NO: Phys 2042 SEC-2 INSTRUCTOR:
A7: NO. | B7: NAME | E7: ID.NO | H7: ASSIGNMENT | J7: Attend | K7: Total | L7: Final | M7: Total | N7: Grade
G8: 0.1 | H8: Ind.(10%) | I8: Team(5%) | J8: 0.05 | K8: 0.5 | L8: 0.5 | M8: 1
A9: ='ATT-COSC-R-14-SEC-2'!A7 -> 1 | B9: ='ATT-COSC-R-14-SEC-2'!B7 -> ABEL | C9: ='ATT-COSC-R-14-SEC-2'!C7 -> MESFIN | D9: ='ATT-COSC-R-14-SEC-2'!D7 -> SEBOKA | E9: ='ATT-COSC-R-14-SEC-2'!E7 -> 04575/14
A10: ='ATT-COSC-R-14-SEC-2'!A8 -> 2 | B10: ='ATT-COSC-R-14-SEC-2'!B8 -> ABEL | C10: ='ATT-COSC-R-14-SEC-2'!C8 -> TAMIRU | D10: ='ATT-COSC-R-14-SEC-2'!D8 -> TEKELESILASE | E10: ='ATT-COSC-R-14-SEC-2'!E8 -> 04472/14
A11: ='ATT-COSC-R-14-SEC-2'!A9 -> 3 | B11: ='ATT-COSC-R-14-SEC-2'!B9 -> AMANUEL | C11: ='ATT-COSC-R-14-SEC-2'!C9 -> BUKUNE | D11: ='ATT-COSC-R-14-SEC-2'!D9 -> TESEMA | E11: ='ATT-COSC-R-14-SEC-2'!E9 -> 04521/14
A12: ='ATT-COSC-R-14-SEC-2'!A10 -> 4 | B12: ='ATT-COSC-R-14-SEC-2'!B10 -> AMIR | C12: ='ATT-COSC-R-14-SEC-2'!C10 -> AHMED | D12: ='ATT-COSC-R-14-SEC-2'!D10 -> BELAYNESH | E12: ='ATT-COSC-R-14-SEC-2'!E10 -> 04552/14
A13: ='ATT-COSC-R-14-SEC-2'!A11 -> 5 | B13: ='ATT-COSC-R-14-SEC-2'!B11 -> BEAMLAK | C13: ='ATT-COSC-R-14-SEC-2'!C11 -> TECHANE | D13: ='ATT-COSC-R-14-SEC-2'!D11 -> MEKONIN | E13: ='ATT-COSC-R-14-SEC-2'!E11 -> 04563/14
A14: ='ATT-COSC-R-14-SEC-2'!A12 -> 6 | B14: ='ATT-COSC-R-14-SEC-2'!B12 -> BINIYAM | C14: ='ATT-COSC-R-14-SEC-2'!C12 -> MULAT | D14: ='ATT-COSC-R-14-SEC-2'!D12 -> TEGESHE | E14: ='ATT-COSC-R-14-SEC-2'!E12 -> 04565/14
A15: ='ATT-COSC-R-14-SEC-2'!A13 -> 7 | B15: ='ATT-COSC-R-14-SEC-2'!B13 -> DAWIT | C15: ='ATT-COSC-R-14-SEC-2'!C13 -> KETEMA | D15: ='ATT-COSC-R-14-SEC-2'!D13 -> TADESSE | E15: ='ATT-COSC-R-14-SEC-2'!E13 -> 04537/14
A16: ='ATT-COSC-R-14-SEC-2'!A14 -> 8 | B16: ='ATT-COSC-R-14-SEC-2'!B14 -> EYUEL | C16: ='ATT-COSC-R-14-SEC-2'!C14 -> ABIYOT | D16: ='ATT-COSC-R-14-SEC-2'!D14 -> FELEKE | E16: ='ATT-COSC-R-14-SEC-2'!E14 -> 04570/14
A17: ='ATT-COSC-R-14-SEC-2'!A15 -> 9 | B17: ='ATT-COSC-R-14-SEC-2'!B15 -> FAIZ | C17: ='ATT-COSC-R-14-SEC-2'!C15 -> TEMAM | D17: ='ATT-COSC-R-14-SEC-2'!D15 -> NURI | E17: ='ATT-COSC-R-14-SEC-2'!E15 -> 04564/14
A18: ='ATT-COSC-R-14-SEC-2'!A16 -> 10 | B18: ='ATT-COSC-R-14-SEC-2'!B16 -> MATIYOS | C18: ='ATT-COSC-R-14-SEC-2'!C16 -> MARKOS | D18: ='ATT-COSC-R-14-SEC-2'!D16 -> YOHANNIS | E18: ='ATT-COSC-R-14-SEC-2'!E16 -> 04548/14
A19: ='ATT-COSC-R-14-SEC-2'!A17 -> 11 | B19: ='ATT-COSC-R-14-SEC-2'!B17 -> MELAKU | C19: ='ATT-COSC-R-14-SEC-2'!C17 -> GENENE | D19: ='ATT-COSC-R-14-SEC-2'!D17 -> AKLOK | E19: ='ATT-COSC-R-14-SEC-2'!E17 -> 04549/14
A20: ='ATT-COSC-R-14-SEC-2'!A18 -> 12 | B20: ='ATT-COSC-R-14-SEC-2'!B18 -> MICHIAS | C20: ='ATT-COSC-R-14-SEC-2'!C18 -> ESHEU | D20: ='ATT-COSC-R-14-SEC-2'!D18 -> MULAT | E20: ='ATT-COSC-R-14-SEC-2'!E18 -> 04560/14
... A38: ='ATT-COSC-R-14-SEC-2'!A36 -> 30 | B38: ='ATT-COSC-R-14-SEC-2'!B36 -> ZELALEM | C38: ='ATT-COSC-R-14-SEC-2'!C36 -> MULUNEH | D38: ='ATT-COSC-R-14-SEC-2'!D36 -> DARIYOS | E38: ='ATT-COSC-R-14-SEC-2'!E36 -> 04559/14
A39: ADD STUDENTS
A40: NO. | B40: NAME | E40: ID.NO | H40: ASSIGNMENT | J40: Attend | K40: Total | L40: Final | M40: Total | N40: Grade
G41: 0.1 | H41: Ind.(10%) | I41: Team(5%) | J41: 0.05 | K41: 0.5 | L41: 0.5 | M41: 1
A42: 1 | B42: ='ATT-COSC-R-14-SEC-2'!B39 -> DEME | C42: ='ATT-COSC-R-14-SEC-2'!C39 -> TEMESGEN | D42: ='ATT-COSC-R-14-SEC-2'!D39 -> TOLA | E42: ='ATT-COSC-R-14-SEC-2'!E39 -> 02588/12
A43: 2 | B43: ='ATT-COSC-R-14-SEC-2'!B40 -> ELFOLI | C43: ='ATT-COSC-R-14-SEC-2'!C40 -> ERMIAS | D43: ='ATT-COSC-R-14-SEC-2'!D40 -> HAILU | E43: ='ATT-COSC-R-14-SEC-2'!E40 -> 02688/12
A44: 3 | B44: ='ATT-COSC-R-14-SEC-2'!B41 -> YOHANNES | C44: ='ATT-COSC-R-14-SEC-2'!C41 -> ASEFA | D44: ='ATT-COSC-R-14-SEC-2'!D41 -> TEKLU | E44: ='ATT-COSC-R-14-SEC-2'!E41 -> 02108/12
A45: 4 | B45: ='ATT-COSC-R-14-SEC-2'!B42 -> YOHANNIS | C45: ='ATT-COSC-R-14-SEC-2'!C42 -> AKLILU | D45: ='ATT-COSC-R-14-SEC-2'!D42 -> GASHAW | E45: ='ATT-COSC-R-14-SEC-2'!E42 -> 02616/12
A46: 5 | B46: ='ATT-COSC-R-14-SEC-2'!B43 -> 0 | C46: ='ATT-COSC-R-14-SEC-2'!C43 -> 0 | D46: ='ATT-COSC-R-14-SEC-2'!D43 -> 0 | E46: ='ATT-COSC-R-14-SEC-2'!E43 -> 0
A48: UNITY UNIVERSITY ADAMA SPECIAL CAMPUS
A49: COSC/R/14 Year II Semester II 2023 (2015 E.C) Cont.ASSESSMENT FORM
A51: ='ATT-COSC-R-14-SEC-2'!A47 -> COURSE TITLE: Linear Algebra COURSE NO: Math 2022 SEC-2 INSTRUCTOR: | J51: Sisay K.
A52: NO. | B52: NAME | E52: ID.NO | F52: Test | H52: ASSIGNMENT | J52: Attend | K52: Total | L52: Final | M52: Total | N52: Grade
F53: 0.05 | G53: 0.15 | H53: Ind.(10%) | I53: Team(15%) | J53: 0.05 | K53: 0.5 | L53: 0.5 | M53: 1
A54: ='ATT-COSC-R-14-SEC-2'!A49 -> 1 | E54: ='ATT-COSC-R-14-SEC-2'!E49 -> 04575/14 | F54: 5 | G54: 6 | H54: 8 | I54: 14 | J54: 5 | K54: =SUM(F54:J54) -> 38 | L54: 12 | M54: =SUM(K54:L54) -> 50
A55: ='ATT-COSC-R-14-SEC-2'!A50 -> 2 | E55: ='ATT-COSC-R-14-SEC-2'!E50 -> 04472/14 | F55: 0 | G55: 3 | H55: 8 | I55: 14 | J55: 5 | K55: =SUM(F55:J55) -> 30 | L55: 5 | M55: =SUM(K55:L55) -> 35
A56: ='ATT-COSC-R-14-SEC-2'!A51 -> 3 | E56: ='ATT-COSC-R-14-SEC-2'!E51 -> 04521/14 | F56: 5 | G56: 10 | H56: 8 | I56: 14 | J56: 5 | K56: =SUM(F56:J56) -> 42 | L56: 10 | M56: =SUM(K56:L56) -> 52
A57: ='ATT-COSC-R-14-SEC-2'!A52 -> 4 | E57: ='ATT-COSC-R-14-SEC-2'!E52 -> 04552/14 | F57: 5 | G57: 2 | H57: 8 | I57: 14 | J57: 3 | K57: =SUM(F57:J57) -> 32 | L57: 7.5 | M57: =SUM(K57:L57) -> 39.5
A58: ='ATT-COSC-R-14-SEC-2'!A53 -> 5 | E58: ='ATT-COSC-R-14-SEC-2'!E53 -> 04563/14 | F58: 5 | G58: 7 | H58: 9.5 | I58: 15 | J58: 5 | K58: =SUM(F58:J58) -> 41.5 | L58: 22 | M58: =SUM(K58:L58) -> 63.5
A59: ='ATT-COSC-R-14-SEC-2'!A54 -> 6 | E59: ='ATT-COSC-R-14-SEC-2'!E54 -> 04565/14 | F59: 0 | G59: 2 | H59: 7 | I59: 14 | J59: 3 | K59: =SUM(F59:J59) -> 26 | L59: 5 | M59: =SUM(K59:L59) -> 31
A60: ='ATT-COSC-R-14-SEC-2'!A55 -> 7 | E60: ='ATT-COSC-R-14-SEC-2'!E55 -> 04537/14 | F60: 5 | G60: 5 | H60: 8 | I60: 14 | J60: 5 | K60: =SUM(F60:J60) -> 37 | L60: 7.5 | M60: =SUM(K60:L60) -> 44.5
A61: ='ATT-COSC-R-14-SEC-2'!A56 -> 8 | E61: ='ATT-COSC-R-14-SEC-2'!E56 -> 04570/14 | F61: 5 | G61: 12 | H61: 8 | I61: 14 | J61: 5 | K61: =SUM(F61:J61) -> 44 | L61: 25.5 | M61: =SUM(K61:L61) -> 69.5
A62: ='ATT-COSC-R-14-SEC-2'!A57 -> 9 | E62: ='ATT-COSC-R-14-SEC-2'!E57 -> 04564/14 | F62: 0 | G62: 7 | H62: 8 | I62: 14 | J62: 3 | K62: =SUM(F62:J62) -> 32 | L62: 10 | M62: =SUM(K62:L62) -> 42
A63: ='ATT-COSC-R-14-SEC-2'!A58 -> 10 | E63: ='ATT-COSC-R-14-SEC-2'!E58 -> 04548/14 | F63: 5 | G63: 2 | H63: 8 | I63: 14 | J63: 5 | K63: =SUM(F63:J63) -> 34 | L63: 7.5 | M63: =SUM(K63:L63) -> 41.5
A64: ='ATT-COSC-R-14-SEC-2'!A59 -> 11 | E64: ='ATT-COSC-R-14-SEC-2'!E59 -> 04549/14 | F64: 5 | G64: 5 | H64: 7 | I64: 14 | J64: 5 | K64: =SUM(F64:J64) -> 36 | L64: 7.5 | M64: =SUM(K64:L64) -> 43.5
A65: ='ATT-COSC-R-14-SEC-2'!A60 -> 12 | E65: ='ATT-COSC-R-14-SEC-2'!E60 -> 04560/14 | F65: 5 | G65: 4 | H65: 8 | I65: 14 | J65: 5 | K65: =SUM(F65:J65) -> 36 | L65: 10 | M65: =SUM(K65:L65) -> 46
... A77: ='ATT-COSC-R-14-SEC-2'!A72 -> 24 | E77: ='ATT-COSC-R-14-SEC-2'!E72 -> 04572/14 | F77: 0 | G77: 3 | H77: 8 | I77: 14 | J77: 3 | K77: =SUM(F77:J77) -> 28 | L77: 12.5 | M77: =SUM(K77:L77) -> 40.5
A78: ='ATT-COSC-R-14-SEC-2'!A73 -> 25 | E78: ='ATT-COSC-R-14-SEC-2'!E73 -> 06049/14
A79: ='ATT-COSC-R-14-SEC-2'!A74 -> 26 | E79: ='ATT-COSC-R-14-SEC-2'!E74 -> 04558/14 | F79: 5 | G79: 8 | H79: 8 | I79: 14 | J79: 5 | K79: =SUM(F79:J79) -> 40 | L79: 5 | M79: =SUM(K79:L79) -> 45
A80: ='ATT-COSC-R-14-SEC-2'!A75 -> 27 | E80: ='ATT-COSC-R-14-SEC-2'!E75 -> 04579/14 | F80: 5 | G80: 5 | H80: 8 | I80: 14 | J80: 5 | K80: =SUM(F80:J80) -> 37 | L80: 12.5 | M80: =SUM(K80:L80) -> 49.5
A81: ='ATT-COSC-R-14-SEC-2'!A76 -> 28 | E81: ='ATT-COSC-R-14-SEC-2'!E76 -> 06057/14 | F81: 0 | G81: 6 | H81: 7 | I81: 15 | J81: 5 | K81: =SUM(F81:J81) -> 33 | L81: 15 | M81: =SUM(K81:L81) -> 48
A82: ='ATT-COSC-R-14-SEC-2'!A77 -> 29 | E82: ='ATT-COSC-R-14-SEC-2'!E77 -> 06049/14 | F82: 0 | G82: 3 | H82: 8 | I82: 14 | J82: 5 | K82: =SUM(F82:J82) -> 30 | L82: 10 | M82: =SUM(K82:L82) -> 40
A83: ='ATT-COSC-R-14-SEC-2'!A78 -> 30 | E83: ='ATT-COSC-R-14-SEC-2'!E78 -> 04559/14 | F83: 5 | G83: 3 | H83: 9 | I83: 14 | J83: 5 | K83: =SUM(F83:J83) -> 36 | L83: 12.5 | M83: =SUM(K83:L83) -> 48.5
A84: ADD STUDENTS
A85: NO. | B85: NAME | E85: ID.NO | H85: ASSIGNMENT | J85: Attend | K85: Total | L85: Final | M85: Total | N85: Grade
G86: 0.1 | H86: Ind.(10%) | I86: Team(15%) | J86: 0.05 | K86: 0.5 | L86: 0.5 | M86: 1
A87: 1 | E87: 06117/15 | F87: 5 | G87: 14 | H87: 10 | I87: 15 | J87: 5 | K87: =SUM(G87:J87) -> 44 | L87: 42 | M87: =SUM(K87:L87) -> 86
A88: 2
A89: 3
A90: 4
A91: 5
A93: UNITY UNIVERSITY ADAMA SPECIAL CAMPUS
A94: COSC/R/14 Year II Semester II 2023 (2015 E.C) Cont.ASSESSMENT FORM
A96: ='ATT-COSC-R-14-SEC-2'!A89:Y89 -> COURSE TITLE: Computer Organ. and Assembly COURSE NO: Cosc 2042 SEC-2 INSTRUCTOR:
A97: NO. | B97: NAME | E97: ID.NO | H97: ASSIGNMENT | J97: Attend | K97: Total | L97: Final | M97: Total | N97: Grade
G98: 0.1 | H98: Ind.(10%) | I98: Team(5%) | J98: 0.05 | K98: 0.5 | L98: 0.5 | M98: 1

Sheet GRS-COSC-R-14-SEC-2
A1: COSC/REG/14
A2: UNITY UNIVERSITY
A3: ADAMA CAMPUS
A4: OFFICE OF REGISTRAR
A5: GRADE SUBMISSION FORM
A6: Year II Semester II 2023 | H6: =A6 -> Year II Semester II 2023
A7: COURSE TITLE: Basic Electricity & Electronics | H7: =A7 -> COURSE TITLE: Basic Electricity & Electronics
A8: COURSE NO: COSC 2021 | H8: =A8 -> COURSE NO: COSC 2021
A9: SECTION: COSC/R/14-2 | H9: =A9 -> SECTION: COSC/R/14-2
A10: INSTRUCTOR: | H10: =A10 -> INSTRUCTOR:
A11: S.N | B11: STUDENTS NAME | D11: ID.NO | E11: GRADE | I11: ID.NO | J11: GRADE
A12: ='CONN-COSC-R-14-SEC-2'!A9 -> 1 | B12: ='CONN-COSC-R-14-SEC-2'!B9 -> ABEL | C12: ='CONN-COSC-R-14-SEC-2'!C9 -> MESFIN | D12: ='CONN-COSC-R-14-SEC-2'!E9 -> 04575/14 | I12: =D12 -> 04575/14
A13: ='CONN-COSC-R-14-SEC-2'!A10 -> 2 | B13: ='CONN-COSC-R-14-SEC-2'!B10 -> ABEL | C13: ='CONN-COSC-R-14-SEC-2'!C10 -> TAMIRU | D13: ='CONN-COSC-R-14-SEC-2'!E10 -> 04472/14 | I13: =D13 -> 04472/14
A14: ='CONN-COSC-R-14-SEC-2'!A11 -> 3 | B14: ='CONN-COSC-R-14-SEC-2'!B11 -> AMANUEL | C14: ='CONN-COSC-R-14-SEC-2'!C11 -> BUKUNE | D14: ='CONN-COSC-R-14-SEC-2'!E11 -> 04521/14 | I14: =D14 -> 04521/14
A15: ='CONN-COSC-R-14-SEC-2'!A12 -> 4 | B15: ='CONN-COSC-R-14-SEC-2'!B12 -> AMIR | C15: ='CONN-COSC-R-14-SEC-2'!C12 -> AHMED | D15: ='CONN-COSC-R-14-SEC-2'!E12 -> 04552/14 | F15: Grade Summary | I15: =D15 -> 04552/14
A16: ='CONN-COSC-R-14-SEC-2'!A13 -> 5 | B16: ='CONN-COSC-R-14-SEC-2'!B13 -> BEAMLAK | C16: ='CONN-COSC-R-14-SEC-2'!C13 -> TECHANE | D16: ='CONN-COSC-R-14-SEC-2'!E13 -> 04563/14 | F16: A+'S------ | I16: =D16 -> 04563/14
A17: ='CONN-COSC-R-14-SEC-2'!A14 -> 6 | B17: ='CONN-COSC-R-14-SEC-2'!B14 -> BINIYAM | C17: ='CONN-COSC-R-14-SEC-2'!C14 -> MULAT | D17: ='CONN-COSC-R-14-SEC-2'!E14 -> 04565/14 | F17: B+'S----- | I17: =D17 -> 04565/14
A18: ='CONN-COSC-R-14-SEC-2'!A15 -> 7 | B18: ='CONN-COSC-R-14-SEC-2'!B15 -> DAWIT | C18: ='CONN-COSC-R-14-SEC-2'!C15 -> KETEMA | D18: ='CONN-COSC-R-14-SEC-2'!E15 -> 04537/14 | F18: B'S------- | I18: =D18 -> 04537/14
A19: ='CONN-COSC-R-14-SEC-2'!A16 -> 8 | B19: ='CONN-COSC-R-14-SEC-2'!B16 -> EYUEL | C19: ='CONN-COSC-R-14-SEC-2'!C16 -> ABIYOT | D19: ='CONN-COSC-R-14-SEC-2'!E16 -> 04570/14 | F19: C+'S----- | I19: =D19 -> 04570/14
A20: ='CONN-COSC-R-14-SEC-2'!A17 -> 9 | B20: ='CONN-COSC-R-14-SEC-2'!B17 -> FAIZ | C20: ='CONN-COSC-R-14-SEC-2'!C17 -> TEMAM | D20: ='CONN-COSC-R-14-SEC-2'!E17 -> 04564/14 | F20: C'S------ | I20: =D20 -> 04564/14
A21: ='CONN-COSC-R-14-SEC-2'!A18 -> 10 | B21: ='CONN-COSC-R-14-SEC-2'!B18 -> MATIYOS | C21: ='CONN-COSC-R-14-SEC-2'!C18 -> MARKOS | D21: ='CONN-COSC-R-14-SEC-2'!E18 -> 04548/14 | F21: NG'S----- | I21: =D21 -> 04548/14
A22: ='CONN-COSC-R-14-SEC-2'!A19 -> 11 | B22: ='CONN-COSC-R-14-SEC-2'!B19 -> MELAKU | C22: ='CONN-COSC-R-14-SEC-2'!C19 -> GENENE | D22: ='CONN-COSC-R-14-SEC-2'!E19 -> 04549/14 | F22: D'S------ | I22: =D22 -> 04549/14
A23: ='CONN-COSC-R-14-SEC-2'!A20 -> 12 | B23: ='CONN-COSC-R-14-SEC-2'!B20 -> MICHIAS | C23: ='CONN-COSC-R-14-SEC-2'!C20 -> ESHEU | D23: ='CONN-COSC-R-14-SEC-2'!E20 -> 04560/14 | F23: I'S-------- | I23: =D23 -> 04560/14
A24: ='CONN-COSC-R-14-SEC-2'!A21 -> 13 | B24: ='CONN-COSC-R-14-SEC-2'!B21 -> MOHAMMED | C24: ='CONN-COSC-R-14-SEC-2'!C21 -> ABDURAHMAN | D24: ='CONN-COSC-R-14-SEC-2'!E21 -> 04566/14 | F24: F'S------- | I24: =D24 -> 04566/14
A25: ='CONN-COSC-R-14-SEC-2'!A22 -> 14 | B25: ='CONN-COSC-R-14-SEC-2'!B22 -> MULISA | C25: ='CONN-COSC-R-14-SEC-2'!C22 -> TEKLE | D25: ='CONN-COSC-R-14-SEC-2'!E22 -> 04303/14 | F25: TOTAL------ | I25: =D25 -> 04303/14
A26: ='CONN-COSC-R-14-SEC-2'!A23 -> 15 | B26: ='CONN-COSC-R-14-SEC-2'!B23 -> NAFIS | C26: ='CONN-COSC-R-14-SEC-2'!C23 -> SEIFU | D26: ='CONN-COSC-R-14-SEC-2'!E23 -> 04580/14 | I26: =D26 -> 04580/14
A27: ='CONN-COSC-R-14-SEC-2'!A24 -> 16 | B27: ='CONN-COSC-R-14-SEC-2'!B24 -> NOORELDAIM | C27: ='CONN-COSC-R-14-SEC-2'!C24 -> ZEINU | D27: ='CONN-COSC-R-14-SEC-2'!E24 -> 04637/14 | I27: =D27 -> 04637/14
A28: ='CONN-COSC-R-14-SEC-2'!A25 -> 17 | B28: ='CONN-COSC-R-14-SEC-2'!B25 -> SAMUEL | C28: ='CONN-COSC-R-14-SEC-2'!C25 -> SILESHI | D28: ='CONN-COSC-R-14-SEC-2'!E25 -> 04561/14 | I28: =D28 -> 04561/14
A29: ='CONN-COSC-R-14-SEC-2'!A26 -> 18 | B29: ='CONN-COSC-R-14-SEC-2'!B26 -> SEBAIF | C29: ='CONN-COSC-R-14-SEC-2'!C26 -> MOHAMMED | D29: ='CONN-COSC-R-14-SEC-2'!E26 -> 04550/14 | I29: =D29 -> 04550/14
A30: ='CONN-COSC-R-14-SEC-2'!A27 -> 19 | B30: ='CONN-COSC-R-14-SEC-2'!B27 -> TESFALEM | C30: ='CONN-COSC-R-14-SEC-2'!C27 -> BERHE | D30: ='CONN-COSC-R-14-SEC-2'!E27 -> 04535/14 | I30: =D30 -> 04535/14
A31: ='CONN-COSC-R-14-SEC-2'!A28 -> 20 | B31: ='CONN-COSC-R-14-SEC-2'!B28 -> TIZITA | C31: ='CONN-COSC-R-14-SEC-2'!C28 -> TESFAYE | D31: ='CONN-COSC-R-14-SEC-2'!E28 -> 04569/14 | I31: =D31 -> 04569/14
A32: ='CONN-COSC-R-14-SEC-2'!A29 -> 21 | B32: ='CONN-COSC-R-14-SEC-2'!B29 -> TSION | C32: ='CONN-COSC-R-14-SEC-2'!C29 -> MULUGETA | D32: ='CONN-COSC-R-14-SEC-2'!E29 -> 04571/14 | I32: =D32 -> 04571/14
A33: ='CONN-COSC-R-14-SEC-2'!A30 -> 22 | B33: ='CONN-COSC-R-14-SEC-2'!B30 -> WALBEK | C33: ='CONN-COSC-R-14-SEC-2'!C30 -> HUSSEN | D33: ='CONN-COSC-R-14-SEC-2'!E30 -> 04738/14 | I33: =D33 -> 04738/14
A34: ='CONN-COSC-R-14-SEC-2'!A31 -> 23 | B34: ='CONN-COSC-R-14-SEC-2'!B31 -> XENOS | C34: ='CONN-COSC-R-14-SEC-2'!C31 -> WOGAYEHU | D34: ='CONN-COSC-R-14-SEC-2'!E31 -> 04557/14 | I34: =D34 -> 04557/14
A35: ='CONN-COSC-R-14-SEC-2'!A32 -> 24 | B35: ='CONN-COSC-R-14-SEC-2'!B32 -> YAHYA | C35: ='CONN-COSC-R-14-SEC-2'!C32 -> IBRAHIM | D35: ='CONN-COSC-R-14-SEC-2'!E32 -> 04572/14 | I35: =D35 -> 04572/14
A36: ='CONN-COSC-R-14-SEC-2'!A33 -> 25 | B36: ='CONN-COSC-R-14-SEC-2'!B33 -> YASET | C36: ='CONN-COSC-R-14-SEC-2'!C33 -> TIRUSEW | D36: ='CONN-COSC-R-14-SEC-2'!E33 -> 06049/14 | I36: =D36 -> 06049/14
A37: ='CONN-COSC-R-14-SEC-2'!A34 -> 26 | B37: ='CONN-COSC-R-14-SEC-2'!B34 -> YESUNEH | C37: ='CONN-COSC-R-14-SEC-2'!C34 -> MOGES | D37: ='CONN-COSC-R-14-SEC-2'!E34 -> 04558/14 | I37: =D37 -> 04558/14
... A41: ='CONN-COSC-R-14-SEC-2'!A38 -> 30 | B41: ='CONN-COSC-R-14-SEC-2'!B38 -> ZELALEM | C41: ='CONN-COSC-R-14-SEC-2'!C38 -> MULUNEH | D41: ='CONN-COSC-R-14-SEC-2'!E38 -> 04559/14 | I41: =D41 -> 04559/14
I42: ADD STUDENTS
A43: 1 | B43: ='CONN-COSC-R-14-SEC-2'!B42 -> DEME | C43: ='CONN-COSC-R-14-SEC-2'!C42 -> TEMESGEN | D43: ='CONN-COSC-R-14-SEC-2'!E42 -> 02588/12 | I43: =D43 -> 02588/12
A44: 2 | B44: ='CONN-COSC-R-14-SEC-2'!B43 -> ELFOLI | C44: ='CONN-COSC-R-14-SEC-2'!C43 -> ERMIAS | D44: ='CONN-COSC-R-14-SEC-2'!E43 -> 02688/12 | I44: =D44 -> 02688/12
A45: 3 | B45: ='CONN-COSC-R-14-SEC-2'!B44 -> YOHANNES | C45: ='CONN-COSC-R-14-SEC-2'!C44 -> ASEFA | D45: ='CONN-COSC-R-14-SEC-2'!E44 -> 02108/12 | I45: =D45 -> 02108/12
A46: 4 | B46: ='CONN-COSC-R-14-SEC-2'!B45 -> YOHANNIS | C46: ='CONN-COSC-R-14-SEC-2'!C45 -> AKLILU | D46: ='CONN-COSC-R-14-SEC-2'!E45 -> 02616/12 | I46: =D46 -> 02616/12
A47: 5 | B47: ='CONN-COSC-R-14-SEC-2'!B46 -> 0 | C47: ='CONN-COSC-R-14-SEC-2'!C46 -> 0 | D47: ='CONN-COSC-R-14-SEC-2'!E46 -> 0 | I47: =D47 -> 0
A48: UNITY UNIVERSITY
A49: ADAMA SPECIAL CAMPUS
A50: OFFICE OF REGISTRAR
A51: GRADE SUBMISSION FORM
A52: Year II Semester II 2023 | H52: =A52 -> Year II Semester II 2023
A53: COURSE TITLE: Linear Algebra | H53: =A53 -> COURSE TITLE: Linear Algebra
A54: COURSE NO: Math 2022 | H54: =A54 -> COURSE NO: Math 2022
A55: SECTION: COSC/R/14-2 | H55: =A55 -> SECTION: COSC/R/14-2
A56: INSTRUCTOR: | H56: =A56 -> INSTRUCTOR:
A57: S.N | B57: STUDENTS NAME | D57: ID.NO | E57: GRADE | I57: ID.NO | J57: GRADE
A58: ='CONN-COSC-R-14-SEC-2'!A54 -> 1 | B58: ='CONN-COSC-R-14-SEC-2'!B54 -> 0 | C58: ='CONN-COSC-R-14-SEC-2'!C54 -> 0 | D58: ='CONN-COSC-R-14-SEC-2'!E54 -> 04575/14 | I58: =D58 -> 04575/14
A59: ='CONN-COSC-R-14-SEC-2'!A55 -> 2 | B59: ='CONN-COSC-R-14-SEC-2'!B55 -> 0 | C59: ='CONN-COSC-R-14-SEC-2'!C55 -> 0 | D59: ='CONN-COSC-R-14-SEC-2'!E55 -> 04472/14 | I59: =D59 -> 04472/14
A60: ='CONN-COSC-R-14-SEC-2'!A56 -> 3 | B60: ='CONN-COSC-R-14-SEC-2'!B56 -> 0 | C60: ='CONN-COSC-R-14-SEC-2'!C56 -> 0 | D60: ='CONN-COSC-R-14-SEC-2'!E56 -> 04521/14 | I60: =D60 -> 04521/14
A61: ='CONN-COSC-R-14-SEC-2'!A57 -> 4 | B61: ='CONN-COSC-R-14-SEC-2'!B57 -> 0 | C61: ='CONN-COSC-R-14-SEC-2'!C57 -> 0 | D61: ='CONN-COSC-R-14-SEC-2'!E57 -> 04552/14 | F61: Grade Summary | I61: =D61 -> 04552/14
A62: ='CONN-COSC-R-14-SEC-2'!A58 -> 5 | B62: ='CONN-COSC-R-14-SEC-2'!B58 -> 0 | C62: ='CONN-COSC-R-14-SEC-2'!C58 -> 0 | D62: ='CONN-COSC-R-14-SEC-2'!E58 -> 04563/14 | F62: A+'S------ | I62: =D62 -> 04563/14
A63: ='CONN-COSC-R-14-SEC-2'!A59 -> 6 | B63: ='CONN-COSC-R-14-SEC-2'!B59 -> 0 | C63: ='CONN-COSC-R-14-SEC-2'!C59 -> 0 | D63: ='CONN-COSC-R-14-SEC-2'!E59 -> 04565/14 | F63: B+'S----- | I63: =D63 -> 04565/14
A64: ='CONN-COSC-R-14-SEC-2'!A60 -> 7 | B64: ='CONN-COSC-R-14-SEC-2'!B60 -> 0 | C64: ='CONN-COSC-R-14-SEC-2'!C60 -> 0 | D64: ='CONN-COSC-R-14-SEC-2'!E60 -> 04537/14 | F64: B'S------- | I64: =D64 -> 04537/14
A65: ='CONN-COSC-R-14-SEC-2'!A61 -> 8 | B65: ='CONN-COSC-R-14-SEC-2'!B61 -> 0 | C65: ='CONN-COSC-R-14-SEC-2'!C61 -> 0 | D65: ='CONN-COSC-R-14-SEC-2'!E61 -> 04570/14 | F65: C+'S----- | I65: =D65 -> 04570/14
A66: ='CONN-COSC-R-14-SEC-2'!A62 -> 9 | B66: ='CONN-COSC-R-14-SEC-2'!B62 -> 0 | C66: ='CONN-COSC-R-14-SEC-2'!C62 -> 0 | D66: ='CONN-COSC-R-14-SEC-2'!E62 -> 04564/14 | F66: C'S------ | I66: =D66 -> 04564/14
A67: ='CONN-COSC-R-14-SEC-2'!A63 -> 10 | B67: ='CONN-COSC-R-14-SEC-2'!B63 -> 0 | C67: ='CONN-COSC-R-14-SEC-2'!C63 -> 0 | D67: ='CONN-COSC-R-14-SEC-2'!E63 -> 04548/14 | F67: NG'S----- | I67: =D67 -> 04548/14
A68: ='CONN-COSC-R-14-SEC-2'!A64 -> 11 | B68: ='CONN-COSC-R-14-SEC-2'!B64 -> 0 | C68: ='CONN-COSC-R-14-SEC-2'!C64 -> 0 | D68: ='CONN-COSC-R-14-SEC-2'!E64 -> 04549/14 | F68: D'S------ | I68: =D68 -> 04549/14
A69: ='CONN-COSC-R-14-SEC-2'!A65 -> 12 | B69: ='CONN-COSC-R-14-SEC-2'!B65 -> 0 | C69: ='CONN-COSC-R-14-SEC-2'!C65 -> 0 | D69: ='CONN-COSC-R-14-SEC-2'!E65 -> 04560/14 | F69: I'S-------- | I69: =D69 -> 04560/14
A70: ='CONN-COSC-R-14-SEC-2'!A66 -> 13 | B70: ='CONN-COSC-R-14-SEC-2'!B66 -> 0 | C70: ='CONN-COSC-R-14-SEC-2'!C66 -> 0 | D70: ='CONN-COSC-R-14-SEC-2'!E66 -> 04566/14 | F70: F'S------- | I70: =D70 -> 04566/14
A71: ='CONN-COSC-R-14-SEC-2'!A67 -> 14 | B71: ='CONN-COSC-R-14-SEC-2'!B67 -> 0 | C71: ='CONN-COSC-R-14-SEC-2'!C67 -> 0 | D71: ='CONN-COSC-R-14-SEC-2'!E67 -> 04303/14 | F71: TOTAL------ | I71: =D71 -> 04303/14
A72: ='CONN-COSC-R-14-SEC-2'!A68 -> 15 | B72: ='CONN-COSC-R-14-SEC-2'!B68 -> 0 | C72: ='CONN-COSC-R-14-SEC-2'!C68 -> 0 | D72: ='CONN-COSC-R-14-SEC-2'!E68 -> 04580/14 | I72: =D72 -> 04580/14
A73: ='CONN-COSC-R-14-SEC-2'!A69 -> 16 | B73: ='CONN-COSC-R-14-SEC-2'!B69 -> 0 | C73: ='CONN-COSC-R-14-SEC-2'!C69 -> 0 | D73: ='CONN-COSC-R-14-SEC-2'!E69 -> 04637/14 | I73: =D73 -> 04637/14
A74: ='CONN-COSC-R-14-SEC-2'!A70 -> 17 | B74: ='CONN-COSC-R-14-SEC-2'!B70 -> 0 | C74: ='CONN-COSC-R-14-SEC-2'!C70 -> 0 | D74: ='CONN-COSC-R-14-SEC-2'!E70 -> 04561/14 | I74: =D74 -> 04561/14
A75: ='CONN-COSC-R-14-SEC-2'!A71 -> 18 | B75: ='CONN-COSC-R-14-SEC-2'!B71 -> 0 | C75: ='CONN-COSC-R-14-SEC-2'!C71 -> 0 | D75: ='CONN-COSC-R-14-SEC-2'!E71 -> 04550/14 | I75: =D75 -> 04550/14
A76: ='CONN-COSC-R-14-SEC-2'!A72 -> 19 | B76: ='CONN-COSC-R-14-SEC-2'!B72 -> 0 | C76: ='CONN-COSC-R-14-SEC-2'!C72 -> 0 | D76: ='CONN-COSC-R-14-SEC-2'!E72 -> 04535/14 | I76: =D76 -> 04535/14
A77: ='CONN-COSC-R-14-SEC-2'!A73 -> 20 | B77: ='CONN-COSC-R-14-SEC-2'!B73 -> 0 | C77: ='CONN-COSC-R-14-SEC-2'!C73 -> 0 | D77: ='CONN-COSC-R-14-SEC-2'!E73 -> 04569/14 | I77: =D77 -> 04569/14
A78: ='CONN-COSC-R-14-SEC-2'!A74 -> 21 | B78: ='CONN-COSC-R-14-SEC-2'!B74 -> 0 | C78: ='CONN-COSC-R-14-SEC-2'!C74 -> 0 | D78: ='CONN-COSC-R-14-SEC-2'!E74 -> 04571/14 | I78: =D78 -> 04571/14
A79: ='CONN-COSC-R-14-SEC-2'!A75 -> 22 | B79: ='CONN-COSC-R-14-SEC-2'!B75 -> 0 | C79: ='CONN-COSC-R-14-SEC-2'!C75 -> 0 | D79: ='CONN-COSC-R-14-SEC-2'!E75 -> 04738/14 | I79: =D79 -> 04738/14
A80: ='CONN-COSC-R-14-SEC-2'!A76 -> 23 | B80: ='CONN-COSC-R-14-SEC-2'!B76 -> 0 | C80: ='CONN-COSC-R-14-SEC-2'!C76 -> 0 | D80: ='CONN-COSC-R-14-SEC-2'!E76 -> 04557/14 | I80: =D80 -> 04557/14
A81: ='CONN-COSC-R-14-SEC-2'!A77 -> 24 | B81: ='CONN-COSC-R-14-SEC-2'!B77 -> 0 | C81: ='CONN-COSC-R-14-SEC-2'!C77 -> 0 | D81: ='CONN-COSC-R-14-SEC-2'!E77 -> 04572/14 | I81: =D81 -> 04572/14
A82: ='CONN-COSC-R-14-SEC-2'!A78 -> 25 | B82: ='CONN-COSC-R-14-SEC-2'!B78 -> 0 | C82: ='CONN-COSC-R-14-SEC-2'!C78 -> 0 | D82: ='CONN-COSC-R-14-SEC-2'!E78 -> 06049/14 | I82: =D82 -> 06049/14
A83: ='CONN-COSC-R-14-SEC-2'!A79 -> 26 | B83: ='CONN-COSC-R-14-SEC-2'!B79 -> 0 | C83: ='CONN-COSC-R-14-SEC-2'!C79 -> 0 | D83: ='CONN-COSC-R-14-SEC-2'!E79 -> 04558/14 | I83: =D83 -> 04558/14
... A87: ='CONN-COSC-R-14-SEC-2'!A83 -> 30 | B87: ='CONN-COSC-R-14-SEC-2'!B83 -> 0 | C87: ='CONN-COSC-R-14-SEC-2'!C83 -> 0 | D87: ='CONN-COSC-R-14-SEC-2'!E83 -> 04559/14 | I87: =D87 -> 04559/14
A88: ADD STUDENTS | I88: ADD STUDENTS
A89: 1 | B89: ='CONN-COSC-R-14-SEC-2'!B87 -> 0 | C89: ='CONN-COSC-R-14-SEC-2'!C87 -> 0 | D89: ='CONN-COSC-R-14-SEC-2'!E87 -> 06117/15 | I89: =D89 -> 06117/15
A90: 2 | I90: =D90 -> 0
A91: 3 | I91: =D91 -> 0
A92: 4
A93: 5
A94: UNITY UNIVERSITY
A95: ADAMA SPECIAL CAMPUS
A96: OFFICE OF REGISTRAR
A97: GRADE SUBMISSION FORM
A98: Year II Semester II 2023 | H98: =A98 -> Year II Semester II 2023
A99: COURSE TITLE: Computer Organ. and Assembly | H99: =A99 -> COURSE TITLE: Computer Organ. and Assembly
A100: COURSE NO: Cosc 2042 | H100: =A100 -> COURSE NO: Cosc 2042
A101: SECTION: COSC/R/14-2 | H101: =A101 -> SECTION: COSC/R/14-2
A102: INSTRUCTOR: | H102: =A102 -> INSTRUCTOR:
A103: S.N | B103: STUDENTS NAME | D103: ID.NO | E103: GRADE | I103: ID.NO | J103: GRADE
A104: ='CONN-COSC-R-14-SEC-2'!A99 -> 0 | B104: ='CONN-COSC-R-14-SEC-2'!B99 -> 0 | C104: ='CONN-COSC-R-14-SEC-2'!C99 -> 0 | D104: ='CONN-COSC-R-14-SEC-2'!E99 -> 0 | I104: =D104 -> 0
A105: ='CONN-COSC-R-14-SEC-2'!A100 -> 0 | B105: ='CONN-COSC-R-14-SEC-2'!B100 -> 0 | C105: ='CONN-COSC-R-14-SEC-2'!C100 -> 0 | D105: ='CONN-COSC-R-14-SEC-2'!E100 -> 0 | I105: =D105 -> 0
A106: ='CONN-COSC-R-14-SEC-2'!A101 -> 0 | B106: ='CONN-COSC-R-14-SEC-2'!B101 -> 0 | C106: ='CONN-COSC-R-14-SEC-2'!C101 -> 0 | D106: ='CONN-COSC-R-14-SEC-2'!E101 -> 0 | I106: =D106 -> 0
...

Sheet Sheet2

Sheet ATT-COSC-07
D1: UNITY UNIVERSITY ADAMA SPECIAL CAMPUS
D2: COSC/07 first SEM 2017 Cont.ASSESSMENTFORM
B4: COURSE TITLE:Multimedia System | G4: COSC467 | J4: sec. 1
A5: NO. | B5: NAME | C5: SEX | D5: ID.NO | E5: Monthly Test | H5: ASSIGNMENT | J5: Attend | K5: Total | L5: Final | M5: Total | N5: Grade
E6: 0.1 | F6: 0.1 | G6: 0.1 | H6: Ind(10%) | I6: Team(5%) | J6: 0.05 | K6: 0.5 | L6: 0.5 | M6: 1
A7: 1 | B7: ABDULMELIK ABDULAZIZ | D7: 44977/07
A8: 2 | B8: ABEBE DURE | D8: 44985/09
A9: 3 | B9: ABRHAM CHEKOL | D9: 44791/07
A10: 4 | B10: ABUBEKER KEMAL | D10: 44945/07
A11: 5 | B11: ASMEROM W/HWARIYAT | D11: 44797/07
A12: 6 | B12: BESUKAL DEMISEW | D12: 44814/07
A13: 7 | B13: BEYENE DABI | D13: 44799/07
A14: 8 | B14: DIBORA DANIEL | D14: 45162/07
A15: 9 | B15: ENDRIAS TIBEBU | D15: 44932/07
A16: 10 | B16: GEMECHU PETROS | D16: 44924/07
A17: 11 | B17: HAILELUEL ENDALE | D17: 44949/07
A18: 12 | B18: HIYAW HUSSEN | D18: 44789/07
... A23: 17 | B23: MAHLET KADIR | D23: 44795/07
A24: 18 | B24: ORION ZERFU
A25: 19 | B25: SINEWORK GIRMA | D25: 44790/07
A26: 20 | B26: TINSAE TADESSE | D26: 44798/07
A27: 21 | B27: YOHANNES AFEWORK | D27: 44872/07
A28: 22
D29: ADD STUDENTS
A30: 1

Sheet COSC-R-07
D1: UNITY UNIVERSITY ADAMA SPECIAL CAMPUS
D2: COSC/07 first SEM 2017 Cont.ASSESSMENTFORM
B4: COURSE TITLE:Multimedia System | G4: COSC467 | J4: sec. 1
A5: NO. | B5: NAME | C5: SEX | D5: ID.NO | E5: Monthly Test | H5: ASSIGNMENT | J5: Attend | K5: Total | L5: Final | M5: Total | N5: Grade
E6: 0.1 | F6: 0.1 | G6: 0.1 | H6: Ind(10%) | I6: Team(5%) | J6: 0.05 | K6: 0.5 | L6: 0.5 | M6: 1
A7: 1 | B7: ABDULMELIK ABDULAZIZ | D7: 44977/07
A8: 2 | B8: ABEBE DURE | D8: 44985/07
A9: 3 | B9: ABRHAM CHEKOL | D9: 44791/07
A10: 4 | B10: ABUBEKER KEMAL | D10: 44945/07
A11: 5 | B11: ASMEROM W/HWARIYAT | D11: 44797/07
A12: 6 | B12: BESUKAL DEMISEW | D12: 44814/07
A13: 7 | B13: BEYENE DABI | D13: 44799/07
A14: 8 | B14: DIBORA DANIEL | D14: 45162/07
A15: 9 | B15: ENDRIAS TIBEBU | D15: 44932/07
A16: 10 | B16: GEMECHU PETROS | D16: 44924/07
A17: 11 | B17: HAILELUEL ENDALE | D17: 44929/07
A18: 12 | B18: HIYAW HUSSEN | D18: 44789/07
... A27: 21 | B27: YOHANNES AFEWORK | D27: 44872/07
A28: 22
D29: ADD STUDENTS
A30: 1
D33: UNITY UNIVERSITY ADAMA SPECIAL CAMPUS
D34: COSC/07 first SEM 2017 Cont.ASSESSMENTFORM
B36: COURSE TITLE:E-commerce | G36: COSC431 | J36: sec. 1
A37: NO. | B37: NAME | C37: SEX | D37: ID.NO | E37: Monthly Test | H37: ASSIGNMENT | J37: Attend | K37: Total | L37: Final | M37: Total | N37: Grade
E38: 0.1 | F38: 0.1 | G38: 0.1 | H38: Ind(10%) | I38: Team(5%) | J38: 0.05 | K38: 0.5 | L38: 0.5 | M38: 1
A60: 22
D61: ADD STUDENTS
A62: 1
D65: UNITY UNIVERSITY ADAMA SPECIAL CAMPUS
D66: COSC/07 first SEM 2017 Cont.ASSESSMENTFORM
B68: COURSE TITLE:FINAL PROJECT I | G68: COSC372 | J68: sec. 1
A69: NO. | B69: NAME | C69: SEX | D69: ID.NO | E69: Monthly Test | H69: ASSIGNMENT | J69: Attend | K69: Total | L69: Final | M69: Total | N69: Grade
E70: 0.1 | F70: 0.1 | G70: 0.1 | H70: Ind(10%) | I70: Team(5%) | J70: 0.05 | K70: 0.5 | L70: 0.5 | M70: 1
A71: 1 | B71: ABDULMELIK ABDULAZIZ | D71: 44977/07
A72: 2 | B72: ABEBE DURE | D72: 44985/07
A73: 3 | B73: ABRHAM CHEKOL | D73: 44791/07
A74: 4 | B74: ABUBEKER KEMAL | D74: 44945/07
A75: 5 | B75: ASMEROM W/HWARIYAT | D75: 44797/07
A76: 6 | B76: BESUKAL DEMISEW | D76: 44814/07
A77: 7 | B77: BEYENE DABI | D77: 44799/07
A78: 8 | B78: DIBORA DANIEL | D78: 45162/07
A79: 9 | B79: ENDRIAS TIBEBU | D79: 44932/07
A80: 10 | B80: GEMECHU PETROS | D80: 44924/07
A81: 11 | B81: HAILELUEL ENDALE | D81: 44929/07
A82: 12 | B82: HIYAW HUSSEN | D82: 44789/07
... A91: 21 | B91: YOHANNES AFEWORK | D91: 44872/07
A92: 22
D93: ADD STUDENTS
A94: 1

Sheet GRS-COSC-07
B1: UNITY UNIVERSITY
B2: ADAMA SPECIAL CAMPUS
B3: OFFICE OF REGISTRAR
B4: GRADE SUBMISION FORM
B5: YEAR III SEM I/2017 | G5: YEAR III SEM I/2017
B6: COURSE TITLE:Multimedia System | G6: COURSE TITLE:
G7: Multimedia System
B8: COURSENO.COSC467 | G8: COURSE NO.COSC467
B9: SECTION:COSC/R/07 | G9: SECTION:COSC/R/07
A10: S.N | B10: STUDENTS NAME | C10: ID.NO | D10: GRADE | H10: ID.NO | I10: GRADE
A11: 1 | B11: ABDULMELIK ABDULAZIZ | C11: 44977/07 | H11: =C11 -> 44977/07
A12: 2 | B12: ABEBE DURE | C12: 44985/07 | E12: Grade Summary | H12: =C12 -> 44985/07
A13: 3 | B13: ABRHAM CHEKOL | C13: 44791/07 | E13: A+'S------ | H13: =C13 -> 44791/07
A14: 4 | B14: ABUBEKER KEMAL | C14: 44945/07 | E14: A'S | H14: =C14 -> 44945/07
A15: 5 | B15: ASMEROM W/HWARIYAT | C15: 44797/07 | E15: B+'S----- | H15: =C15 -> 44797/07
A16: 6 | B16: BESUKAL DEMISEW | C16: 44814/07 | E16: B'S------- | H16: =C16 -> 44814/07
A17: 7 | B17: BEYENE DABI | C17: 44799/07 | E17: C+'S----- | H17: =C17 -> 44799/07
A18: 8 | B18: DIBORA DANIEL | C18: 45162/07 | E18: C'S------ | H18: =C18 -> 45162/07
A19: 9 | B19: ENDRIAS TIBEBU | C19: 44932/07 | E19: D'S------ | H19: =C19 -> 44932/07
A20: 10 | B20: GEMECHU PETROS | C20: 44924/07 | E20: NG'S----- | H20: =C20 -> 44924/07
A21: 11 | B21: HAILELUEL ENDALE | C21: 44929/07 | E21: I'S-------- | H21: =C21 -> 44929/07
A22: 12 | B22: HIYAW HUSSEN | C22: 44789/07 | E22: TOT----- | H22: =C22 -> 44789/07
A23: 13 | B23: KALEAB DEJENE | C23: 44928/07 | H23: =C23 -> 44928/07
A24: 14 | B24: KALKIDAN TESHOME | C24: 45179/07 | H24: =C24 -> 45179/07
A25: 15 | B25: KASSAHUN HUNDE | C25: 44829/07 | H25: =C25 -> 44829/07
A26: 16 | B26: LEYILA NURI | C26: 45557/07 | H26: =C26 -> 45557/07
A27: 17 | B27: MAHLET KADIR | C27: 44795/07 | H27: =C27 -> 44795/07
A28: 18 | B28: ORION ZERFU | C28: 44795/07 | H28: =C28 -> 44795/07
A29: 19 | B29: SINEWORK GIRMA | C29: 44790/07 | H29: =C29 -> 44790/07
A30: 20 | B30: TINSAE TADESSE | C30: 44798/07 | H30: =C30 -> 44798/07
A31: 21 | B31: YOHANNES AFEWORK | C31: 44872/07 | H31: =C31 -> 44872/07
B32: ADD STUDENTS | H32: ADD STUDENTS
B33: INST.NAME__________________ | C33: SIGNATURE________________ | E33: ____________
B34: DATE-____________________
B36: DEP.HEAD NAME______________ | C36: SIGNATUE___________________
B37: DATE:___________________
B41: UNITY UNIVERSITY
B42: ADAMA SPECIAL CAMPUS
B43: OFFICE OF REGISTRAR
B44: GRADE SUBMISION FORM
B45: YEAR III SEM I/2017 | G45: YEAR III SEM I/2017
B46: COURSE TITLE:E-COMMERCE | G46: COURSE TITLE:
G47: E-COMMERCE
B48: COURSENO.COSC467 | G48: COURSE NO.COSC467
B49: SECTION:COSC/R/07 | G49: SECTION:COSC/R/07
A50: S.N | B50: STUDENTS NAME | C50: ID.NO | D50: GRADE | H50: ID.NO | I50: GRADE
A51: 1 | B51: ABDULMELIK ABDULAZIZ | C51: 44977/07 | H51: =C51 -> 44977/07
A52: 2 | B52: ABEBE DURE | C52: 44985/07 | E52: Grade Summary | H52: =C52 -> 44985/07
A53: 3 | B53: ABRHAM CHEKOL | C53: 44791/07 | E53: A+'S------ | H53: =C53 -> 44791/07
A54: 4 | B54: ABUBEKER KEMAL | C54: 44945/07 | E54: A'S | H54: =C54 -> 44945/07
A55: 5 | B55: ASMEROM W/HWARIYAT | C55: 44797/07 | E55: B+'S----- | H55: =C55 -> 44797/07
A56: 6 | B56: BESUKAL DEMISEW | C56: 44814/07 | E56: B'S------- | H56: =C56 -> 44814/07
A57: 7 | B57: BEYENE DABI | C57: 44799/07 | E57: C+'S----- | H57: =C57 -> 44799/07
A58: 8 | B58: DIBORA DANIEL | C58: 45162/07 | E58: C'S------ | H58: =C58 -> 45162/07
A59: 9 | B59: ENDRIAS TIBEBU | C59: 44932/07 | E59: D'S------ | H59: =C59 -> 44932/07
A60: 10 | B60: GEMECHU PETROS | C60: 44924/07 | E60: NG'S----- | H60: =C60 -> 44924/07
A61: 11 | B61: HAILELUEL ENDALE | C61: 44929/07 | E61: I'S-------- | H61: =C61 -> 44929/07
A62: 12 | B62: HIYAW HUSSEN | C62: 44789/07 | E62: TOT----- | H62: =C62 -> 44789/07
A63: 13 | B63: KALEAB DEJENE | C63: 44928/07 | H63: =C63 -> 44928/07
A64: 14 | B64: KALKIDAN TESHOME | C64: 45179/07 | H64: =C64 -> 45179/07
A65: 15 | B65: KASSAHUN HUNDE | C65: 44829/07 | H65: =C65 -> 44829/07
A66: 16 | B66: LEYILA NURI | C66: 45557/07 | H66: =C66 -> 45557/07
A67: 17 | B67: MAHLET KADIR | C67: 44795/07 | H67: =C67 -> 44795/07
A68: 18 | B68: ORION ZERFU | C68: 44795/07 | H68: =C68 -> 44795/07
A69: 19 | B69: SINEWORK GIRMA | C69: 44790/07 | H69: =C69 -> 44790/07
A70: 20 | B70: TINSAE TADESSE | C70: 44798/07 | H70: =C70 -> 44798/07
A71: 21 | B71: YOHANNES AFEWORK | C71: 44872/07 | H71: =C71 -> 44872/07
B72: ADD STUDENTS | H72: ADD STUDENTS
B73: INST.NAME__________________ | C73: SIGNATURE________________ | E73: ____________
B74: DATE-____________________
B76: DEP.HEAD NAME______________ | C76: SIGNATUE___________________
B77: DATE:___________________
B80: UNITY UNIVERSITY
B81: ADAMA SPECIAL CAMPUS
B82: OFFICE OF REGISTRAR
B83: GRADE SUBMISION FORM
B84: YEAR III SEM I/2017 | G84: YEAR III SEM I/2017
B85: COURSE TITLE:FINAL PROJECT I | G85: COURSE TITLE:
G86: FINAL PROJECTB I
B87: COURSENO.COSC372 | G87: COURSE NO.COSC372
B88: SECTION:COSC/R/07 | G88: SECTION:COSC/R/07
A89: S.N | B89: STUDENTS NAME | C89: ID.NO | D89: GRADE | H89: ID.NO | I89: GRADE
A90: 1 | B90: ABDULMELIK ABDULAZIZ | C90: 44977/07 | H90: =C90 -> 44977/07
A91: 2 | B91: ABEBE DURE | C91: 44985/07 | E91: Grade Summary | H91: =C91 -> 44985/07
A92: 3 | B92: ABRHAM CHEKOL | C92: 44791/07 | E92: A+'S------ | H92: =C92 -> 44791/07
A93: 4 | B93: ABUBEKER KEMAL | C93: 44945/07 | E93: A'S | H93: =C93 -> 44945/07
A94: 5 | B94: ASMEROM W/HWARIYAT | C94: 44797/07 | E94: B+'S----- | H94: =C94 -> 44797/07
A95: 6 | B95: BESUKAL DEMISEW | C95: 44814/07 | E95: B'S------- | H95: =C95 -> 44814/07
A96: 7 | B96: BEYENE DABI | C96: 44799/07 | E96: C+'S----- | H96: =C96 -> 44799/07
A97: 8 | B97: DIBORA DANIEL | C97: 45162/07 | E97: C'S------ | H97: =C97 -> 45162/07
A98: 9 | B98: ENDRIAS TIBEBU | C98: 44932/07 | E98: D'S------ | H98: =C98 -> 44932/07
A99: 10 | B99: GEMECHU PETROS | C99: 44924/07 | E99: NG'S----- | H99: =C99 -> 44924/07
A100: 11 | B100: HAILELUEL ENDALE | C100: 44929/07 | E100: I'S-------- | H100: =C100 -> 44929/07
A101: 12 | B101: HIYAW HUSSEN | C101: 44789/07 | E101: TOT----- | H101: =C101 -> 44789/07
A102: 13 | B102: KALEAB DEJENE | C102: 44928/07 | H102: =C102 -> 44928/07
A103: 14 | B103: KALKIDAN TESHOME | C103: 45179/07 | H103: =C103 -> 45179/07
A104: 15 | B104: KASSAHUN HUNDE | C104: 44829/07 | H104: =C104 -> 44829/07
A105: 16 | B105: LEYILA NURI | C105: 45557/07 | H105: =C105 -> 45557/07
A106: 17 | B106: MAHLET KADIR | C106: 44795/07 | H106: =C106 -> 44795/07
A107: 18 | B107: ORION ZERFU | C107: 44795/07 | H107: =C107 -> 44795/07
...

Sheet ATT-COSC-R-14-3
A1: COSC/REG/14
A2: UNITY UNIVERSITY ADAMA CAMPUS
A3: COSC/R/14 Year II Semester II 2023 (2015 E.C) ATTENDANCE FORM
A5: COURSE TITLE: Basic Electricity & Electronics COURSE NO: Phys 2042 SEC-3 INSTRUCTOR:
A6: NO. | B6: STUDENTS NAME | E6: ID.NO
A7: 1 | B7: ABDI | C7: FEYISA | D7: LEGESE | E7: 04597/14
A8: 2 | B8: ABDUREHIM | C8: AHMED | D8: ROBA | E8: 04599/14
A9: 3 | B9: ABDUREHMAN | C9: MUZE | D9: SHIFERAW | E9: 04584/14
A10: 4 | B10: ABENET | C10: BIRHANU | D10: SENBU | E10: 04590/14
A11: 5 | B11: ABENEZER | C11: AYELE | D11: KIFLE | E11: 04605/14
A12: 6 | B12: AMANUEL | C12: ATNAFU | D12: ANSA | E12: 04633/14
A13: 7 | B13: AYALKBET | C13: SHIFERAW | D13: KETEMA | E13: 04627/14
A14: 8 | B14: BEDO | C14: TELILA | D14: BOSET | E14: 04587/14
A15: 9 | B15: BINIYAM | C15: ALEMAYEHU | D15: TESFAYE | E15: 04586/14
A16: 10 | B16: DAGMAWI | C16: TEFERI | D16: GETANEH | E16: 04606/14
A17: 11 | B17: ENDALE | C17: ASEGED | D17: BIRU | E17: 04593/14
A18: 12 | B18: FEVEN | C18: FIKADU | D18: GETAHUN | E18: 04629/14
... A41: 35 | B41: YOSEF | C41: KASSU | D41: GOMERA | E41: 04387/14
A42: 36
A43: 37
A44: ADD STUDENTS
A45: NO. | B45: STUDENTS NAME | E45: ID.NO
A46: 1
A47: 2
A48: 3
A49: 4
A50: 5
A51: UNITY UNIVERSITY ADAMA CAMPUS
A52: COSC/R/14 Year II Semester II 2023 (2015 E.C) ATTENDANCE FORM
A54: COURSE TITLE: Linear Algebra COURSE NO: Math 2022 SEC-3 INSTRUCTOR:
A55: NO. | B55: STUDENTS NAME | E55: ID.NO
A56: 1 | B56: ABDI | C56: FEYISA | D56: LEGESE | E56: 04597/14
A57: 2 | B57: ABDUREHIM | C57: AHMED | D57: ROBA | E57: 04599/14
A58: 3 | B58: ABDUREHMAN | C58: MUZE | D58: SHIFERAW | E58: 04584/14
A59: 4 | B59: ABENET | C59: BIRHANU | D59: SENBU | E59: 04590/14
A60: 5 | B60: ABENEZER | C60: AYELE | D60: KIFLE | E60: 04605/14
A61: 6 | B61: AMANUEL | C61: ATNAFU | D61: ANSA | E61: 04633/14
A62: 7 | B62: AYALKBET | C62: SHIFERAW | D62: KETEMA | E62: 04627/14
A63: 8 | B63: BEDO | C63: TELILA | D63: BOSET | E63: 04587/14
A64: 9 | B64: BINIYAM | C64: ALEMAYEHU | D64: TESFAYE | E64: 04586/14
A65: 10 | B65: DAGMAWI | C65: TEFERI | D65: GETANEH | E65: 04606/14
A66: 11 | B66: ENDALE | C66: ASEGED | D66: BIRU | E66: 04593/14
A67: 12 | B67: FEVEN | C67: FIKADU | D67: GETAHUN | E67: 04629/14
... A90: 35 | B90: YOSEF | C90: KASSU | D90: GOMERA | E90: 04387/14
A91: 36
A92: 37
A93: 38
A94: 39
A95: 40
A96: ADD STUDENTS
A97: NO. | B97: STUDENTS NAME | E97: ID.NO
A98: 1
A99: 2
A100: 3
A101: 4
A102: 5
A103: UNITY UNIVERSITY ADAMA CAMPUS
A104: COSC/R/14 Year II Semester II 2023 (2015 E.C) ATTENDANCE FORM
A106: COURSE TITLE: Computer Organ. and Assembly COURSE NO: Cosc 2042 SEC-2 INSTRUCTOR:
A107: NO. | B107: STUDENTS NAME | E107: ID.NO
A108: 1 | B108: ABDI | C108: FEYISA | D108: LEGESE | E108: 04597/14
A109: 2 | B109: ABDUREHIM | C109: AHMED | D109: ROBA | E109: 04599/14
A110: 3 | B110: ABDUREHMAN | C110: MUZE | D110: SHIFERAW | E110: 04584/14
A111: 4 | B111: ABENET | C111: BIRHANU | D111: SENBU | E111: 04590/14
A112: 5 | B112: ABENEZER | C112: AYELE | D112: KIFLE | E112: 04605/14
A113: 6 | B113: AMANUEL | C113: ATNAFU | D113: ANSA | E113: 04633/14
A114: 7 | B114: AYALKBET | C114: SHIFERAW | D114: KETEMA | E114: 04627/14
A115: 8 | B115: BEDO | C115: TELILA | D115: BOSET | E115: 04587/14
A116: 9 | B116: BINIYAM | C116: ALEMAYEHU | D116: TESFAYE | E116: 04586/14
A117: 10 | B117: DAGMAWI | C117: TEFERI | D117: GETANEH | E117: 04606/14
A118: 11 | B118: ENDALE | C118: ASEGED | D118: BIRU | E118: 04593/14
A119: 12 | B119: FEVEN | C119: FIKADU | D119: GETAHUN | E119: 04629/14
... A142: 35 | B142: YOSEF | C142: KASSU | D142: GOMERA | E142: 04387/14
A143: ADD STUDENTS
A144: NO. | B144: STUDENTS NAME | E144: ID.NO
A145: 1
A146: 2
A147: 3
A148: 4
A149: 5
A151: UNITY UNIVERSITY ADAMA CAMPUS
A152: COSC/R/14 Year II Semester II 2023 (2015 E.C) ATTENDANCE FORM
A154: COURSE TITLE: Fundamental of Databese mgmt. System COURSE NO: COSC 2072 SEC-3 INSTRUCTOR:
A155: NO. | B155: STUDENTS NAME | E155: ID.NO
A156: 1 | B156: ABDI | C156: FEYISA | D156: LEGESE | E156: 04597/14
A157: 2 | B157: ABDUREHIM | C157: AHMED | D157: ROBA | E157: 04599/14
A158: 3 | B158: ABDUREHMAN | C158: MUZE | D158: SHIFERAW | E158: 04584/14
A159: 4 | B159: ABENET | C159: BIRHANU | D159: SENBU | E159: 04590/14
A160: 5 | B160: ABENEZER | C160: AYELE | D160: KIFLE | E160: 04605/14
A161: 6 | B161: AMANUEL | C161: ATNAFU | D161: ANSA | E161: 04633/14
A162: 7 | B162: AYALKBET | C162: SHIFERAW | D162: KETEMA | E162: 04627/14
A163: 8 | B163: BEDO | C163: TELILA | D163: BOSET | E163: 04587/14
A164: 9 | B164: BINIYAM | C164: ALEMAYEHU | D164: TESFAYE | E164: 04586/14
A165: 10 | B165: DAGMAWI | C165: TEFERI | D165: GETANEH | E165: 04606/14
A166: 11 | B166: ENDALE | C166: ASEGED | D166: BIRU | E166: 04593/14
A167: 12 | B167: FEVEN | C167: FIKADU | D167: GETAHUN | E167: 04629/14
... A190: 35 | B190: YOSEF | C190: KASSU | D190: GOMERA | E190: 04387/14
A191: 36
A192: 37
A193: 38
...

Sheet CONN-BUAD-MRKT-3
A1: COSC/REG/14
A56: COSC/R/14 Year II Semester II 2023 (2015 E.C) Cont.ASSESSMENT FORM
A58: ='ATT-COSC-R-14-3'!A54 -> COURSE TITLE: Linear Algebra COURSE NO: Math 2022 SEC-3 INSTRUCTOR: | J58: Sisay K.
A59: NO. | B59: NAME | E59: ID.NO | H59: ASSIGNMENT | J59: Attend | K59: Total | L59: Final | M59: Total | N59: Grade
F60: 0.05 | G60: 0.15 | H60: Ind.(10%) | I60: Team(15%) | J60: 0.05 | K60: 0.5 | L60: 0.5 | M60: 1
A61: ='ATT-COSC-R-14-3'!A56 -> 1 | E61: ='ATT-COSC-R-14-3'!E56 -> 04597/14 | F61: 5 | H61: 10 | I61: 14 | J61: 4 | K61: 24 | L61: 7.5 | M61: 31.5
A62: ='ATT-COSC-R-14-3'!A57 -> 2 | E62: ='ATT-COSC-R-14-3'!E57 -> 04599/14 | F62: 5 | G62: 5 | H62: 8 | J62: 4 | K62: =SUM(F62:J62) -> 22 | L62: 7.5 | M62: =SUM(K62:L62) -> 29.5
A63: ='ATT-COSC-R-14-3'!A58 -> 3 | E63: ='ATT-COSC-R-14-3'!E58 -> 04584/14 | F63: 5 | G63: 8 | H63: 6 | I63: 13.5 | J63: 5 | K63: 27.5 | L63: 12.5 | M63: 40
A64: ='ATT-COSC-R-14-3'!A59 -> 4 | E64: ='ATT-COSC-R-14-3'!E59 -> 04590/14 | F64: 5 | G64: 4 | H64: 8 | I64: 14 | J64: 3 | K64: 26 | L64: 12.5 | M64: 38.5
A65: ='ATT-COSC-R-14-3'!A60 -> 5 | E65: ='ATT-COSC-R-14-3'!E60 -> 04605/14 | F65: 5 | H65: 8 | I65: 15 | J65: 5 | K65: 23 | L65: 18 | M65: 41
A66: ='ATT-COSC-R-14-3'!A61 -> 6 | E66: ='ATT-COSC-R-14-3'!E61 -> 04633/14 | F66: 0 | G66: 3 | H66: 0 | I66: 14 | J66: 4 | K66: 17 | L66: 12.5 | M66: 29.5
A67: ='ATT-COSC-R-14-3'!A62 -> 7 | E67: ='ATT-COSC-R-14-3'!E62 -> 04627/14 | F67: 5 | G67: 9 | H67: 8 | I67: 13.5 | J67: 4 | K67: 30.5 | L67: 23 | M67: 53.5
A68: ='ATT-COSC-R-14-3'!A63 -> 8 | E68: ='ATT-COSC-R-14-3'!E63 -> 04587/14 | F68: 0 | H68: 0 | I68: 14 | J68: 2 | K68: 14 | L68: 5 | M68: 19
A69: ='ATT-COSC-R-14-3'!A64 -> 9 | E69: ='ATT-COSC-R-14-3'!E64 -> 04586/14 | F69: 5 | G69: 5 | H69: 9 | I69: 13.5 | J69: 5 | K69: 27.5 | L69: 15 | M69: 42.5
A70: ='ATT-COSC-R-14-3'!A65 -> 10 | E70: ='ATT-COSC-R-14-3'!E65 -> 04606/14 | F70: 0 | G70: 16.5 | H70: 9 | I70: 15 | J70: 5 | K70: 40.5 | L70: 40 | M70: 80.5
A71: ='ATT-COSC-R-14-3'!A66 -> 11 | E71: ='ATT-COSC-R-14-3'!E66 -> 04593/14 | F71: 0 | G71: 4 | H71: 9 | J71: 4 | K71: 13 | L71: 5 | M71: 18
A72: ='ATT-COSC-R-14-3'!A67 -> 12 | E72: ='ATT-COSC-R-14-3'!E67 -> 04629/14 | F72: 0 | G72: 13 | H72: 9.5 | J72: 5 | K72: 22.5 | M72: 22.5 | N72: I
A73: ='ATT-COSC-R-14-3'!A68 -> 13 | E73: ='ATT-COSC-R-14-3'!E68 -> 04589/14 | F73: 0 | G73: 8 | H73: 9 | I73: 14 | J73: 5 | K73: 31 | L73: 7.5 | M73: 38.5
A74: ='ATT-COSC-R-14-3'!A69 -> 14 | E74: ='ATT-COSC-R-14-3'!E69 -> 04595/14 | F74: 5 | G74: 8 | H74: 10 | I74: 15 | J74: 5 | K74: 33 | L74: 19.5 | M74: 52.5
A75: ='ATT-COSC-R-14-3'!A70 -> 15 | E75: ='ATT-COSC-R-14-3'!E70 -> 04581/14 | F75: 5 | G75: 3 | H75: 8 | I75: 15 | J75: 5 | K75: 26 | L75: 6 | M75: 32
A76: ='ATT-COSC-R-14-3'!A71 -> 16 | E76: ='ATT-COSC-R-14-3'!E71 -> 04583/14 | F76: 0 | G76: 9 | H76: 9 | I76: 15 | J76: 5 | K76: 33 | L76: 24 | M76: 57
A77: ='ATT-COSC-R-14-3'!A72 -> 17 | E77: ='ATT-COSC-R-14-3'!E72 -> 04534/14 | F77: 0 | G77: 7 | H77: 9 | I77: 14 | J77: 4 | K77: 30 | L77: 10 | M77: 40
A78: ='ATT-COSC-R-14-3'!A73 -> 18 | E78: ='ATT-COSC-R-14-3'!E73 -> 04626/14 | F78: 0 | G78: 5 | H78: 8 | I78: 13.5 | J78: 3 | K78: 26.5 | L78: 7.5 | M78: 34
A79: ='ATT-COSC-R-14-3'!A74 -> 19 | E79: ='ATT-COSC-R-14-3'!E74 -> 04608/14 | F79: 5 | G79: 5.5 | H79: 9 | I79: 13 | J79: 5 | K79: 27.5 | L79: 10.5 | M79: 38
A80: ='ATT-COSC-R-14-3'!A75 -> 20 | E80: ='ATT-COSC-R-14-3'!E75 -> 04612/14 | F80: 5 | G80: 13 | H80: 10 | I80: 14 | J80: 4 | K80: 37 | L80: 10 | M80: 47
A81: ='ATT-COSC-R-14-3'!A76 -> 21 | E81: ='ATT-COSC-R-14-3'!E76 -> 04625/14 | F81: 5 | G81: 19.5 | H81: 10 | I81: 15 | J81: 5 | K81: 44.5 | L81: 45 | M81: 89.5
A82: ='ATT-COSC-R-14-3'!A77 -> 22 | E82: ='ATT-COSC-R-14-3'!E77 -> 04603/14 | F82: 0 | G82: 5 | H82: 9 | I82: 13.5 | J82: 5 | K82: 27.5 | L82: 10 | M82: 37.5
A83: ='ATT-COSC-R-14-3'!A78 -> 23 | E83: ='ATT-COSC-R-14-3'!E78 -> 05107/14 | F83: 5 | G83: 3 | H83: 9 | I83: 13 | J83: 5 | K83: 25 | L83: 10 | M83: 35
A84: ='ATT-COSC-R-14-3'!A79 -> 24 | E84: ='ATT-COSC-R-14-3'!E79 -> 04594/14 | F84: 0 | G84: 8 | H84: 9 | I84: 13.5 | J84: 5 | K84: 30.5 | L84: 19.5 | M84: 50
... A94: ='ATT-COSC-R-14-3'!A89 -> 34 | E94: ='ATT-COSC-R-14-3'!E89 -> 04623/14 | F94: 5 | G94: 9 | H94: 9.5 | I94: 13.5 | J94: 5 | K94: 32 | L94: 15.5 | M94: 47.5
A95: ='ATT-COSC-R-14-3'!A90 -> 35 | E95: ='ATT-COSC-R-14-3'!E90 -> 04387/14 | F95: 5 | G95: 9 | H95: 9 | I95: 13 | J95: 5 | K95: 31 | M95: 31 | N95: I
A96: ='ATT-COSC-R-14-3'!A91 -> 36 | E96: ='ATT-COSC-R-14-3'!E91 -> 0
A97: ='ATT-COSC-R-14-3'!A92 -> 37 | E97: ='ATT-COSC-R-14-3'!E92 -> 0
A98: ='ATT-COSC-R-14-3'!A93 -> 38 | E98: ='ATT-COSC-R-14-3'!E93 -> 0
A99: ='ATT-COSC-R-14-3'!A94 -> 39 | E99: ='ATT-COSC-R-14-3'!E94 -> 0
A100: ='ATT-COSC-R-14-3'!A95 -> 40 | E100: ='ATT-COSC-R-14-3'!E95 -> 0
A101: ='ATT-COSC-R-14-3'!A96 -> ADD STUDENTS | E101: ='ATT-COSC-R-14-3'!E96 -> 0
A102: ADD STUDENTS
A103: NO. | B103: NAME | E103: ID.NO | H103: ASSIGNMENT | J103: Attend | K103: Total | L103: Final | M103: Total | N103: Grade
F104: 0.1 | G104: 0.1 | H104: Ind.(10%) | I104: Team(5%) | J104: 0.05 | K104: 0.5 | L104: 0.5 | M104: 1
A105: 1 | E105: 4631 | F105: 5 | G105: 7 | H105: 9 | J105: 4 | L105: 8.5
A106: 2
A107: 3
A108: 4
A109: 5
A111: UNITY UNIVERSITY ADAMA SPECIAL CAMPUS
A112: COSC/R/14 Year II Semester II 2023 (2015 E.C) Cont.ASSESSMENT FORM
A114: ='ATT-COSC-R-14-3'!A106:Y106 -> COURSE TITLE: Computer Organ. and Assembly COURSE NO: Cosc 2042 SEC-2 INSTRUCTOR:

Sheet GRS-COSC-14-3
A1: COSC/REG/14
A2: UNITY UNIVERSITY
A3: ADAMA CAMPUS
A4: OFFICE OF REGISTRAR
A5: GRADE SUBMISSION FORM
A6: Year II Semester II 2023 | G6: =A6 -> Year II Semester II 2023
A7: COURSE TITLE: Basic Electricity & Electronics | G7: =A7 -> COURSE TITLE: Basic Electricity & Electronics
A8: COURSE NO: Phys 2042 | G8: =A8 -> COURSE NO: Phys 2042
A9: SECTION: COSC/R/14-3 | G9: =A9 -> SECTION: COSC/R/14-3
A10: INSTRUCTOR: | G10: =A10 -> INSTRUCTOR:
A11: S.N | B11: STUDENTS NAME | D11: ID.NO | E11: GRADE | H11: ID.NO | I11: GRADE
A12: ='CONN-BUAD-MRKT-3'!A9 -> 0 | B12: ='CONN-BUAD-MRKT-3'!B9 -> 0 | C12: ='CONN-BUAD-MRKT-3'!C9 -> 0 | D12: ='CONN-BUAD-MRKT-3'!E9 -> 0 | H12: =D12 -> 0
A13: ='CONN-BUAD-MRKT-3'!A10 -> 0 | B13: ='CONN-BUAD-MRKT-3'!B10 -> 0 | C13: ='CONN-BUAD-MRKT-3'!C10 -> 0 | D13: ='CONN-BUAD-MRKT-3'!E10 -> 0 | H13: =D13 -> 0
A14: ='CONN-BUAD-MRKT-3'!A11 -> 0 | B14: ='CONN-BUAD-MRKT-3'!B11 -> 0 | C14: ='CONN-BUAD-MRKT-3'!C11 -> 0 | D14: ='CONN-BUAD-MRKT-3'!E11 -> 0 | H14: =D14 -> 0
A15: ='CONN-BUAD-MRKT-3'!A12 -> 0 | B15: ='CONN-BUAD-MRKT-3'!B12 -> 0 | C15: ='CONN-BUAD-MRKT-3'!C12 -> 0 | D15: ='CONN-BUAD-MRKT-3'!E12 -> 0 | F15: Grade Summary | H15: =D15 -> 0
A16: ='CONN-BUAD-MRKT-3'!A13 -> 0 | B16: ='CONN-BUAD-MRKT-3'!B13 -> 0 | C16: ='CONN-BUAD-MRKT-3'!C13 -> 0 | D16: ='CONN-BUAD-MRKT-3'!E13 -> 0 | F16: A+'S------ | H16: =D16 -> 0
A17: ='CONN-BUAD-MRKT-3'!A14 -> 0 | B17: ='CONN-BUAD-MRKT-3'!B14 -> 0 | C17: ='CONN-BUAD-MRKT-3'!C14 -> 0 | D17: ='CONN-BUAD-MRKT-3'!E14 -> 0 | F17: A'S | H17: =D17 -> 0
A18: ='CONN-BUAD-MRKT-3'!A15 -> 0 | B18: ='CONN-BUAD-MRKT-3'!B15 -> 0 | C18: ='CONN-BUAD-MRKT-3'!C15 -> 0 | D18: ='CONN-BUAD-MRKT-3'!E15 -> 0 | F18: B+'S----- | H18: =D18 -> 0
A19: ='CONN-BUAD-MRKT-3'!A16 -> 0 | B19: ='CONN-BUAD-MRKT-3'!B16 -> 0 | C19: ='CONN-BUAD-MRKT-3'!C16 -> 0 | D19: ='CONN-BUAD-MRKT-3'!E16 -> 0 | F19: B'S------- | H19: =D19 -> 0
A20: ='CONN-BUAD-MRKT-3'!A17 -> 0 | B20: ='CONN-BUAD-MRKT-3'!B17 -> 0 | C20: ='CONN-BUAD-MRKT-3'!C17 -> 0 | D20: ='CONN-BUAD-MRKT-3'!E17 -> 0 | F20: C+'S----- | H20: =D20 -> 0
A21: ='CONN-BUAD-MRKT-3'!A18 -> 0 | B21: ='CONN-BUAD-MRKT-3'!B18 -> 0 | C21: ='CONN-BUAD-MRKT-3'!C18 -> 0 | D21: ='CONN-BUAD-MRKT-3'!E18 -> 0 | F21: C'S------ | H21: =D21 -> 0
A22: ='CONN-BUAD-MRKT-3'!A19 -> 0 | B22: ='CONN-BUAD-MRKT-3'!B19 -> 0 | C22: ='CONN-BUAD-MRKT-3'!C19 -> 0 | D22: ='CONN-BUAD-MRKT-3'!E19 -> 0 | F22: NG'S----- | H22: =D22 -> 0
A23: ='CONN-BUAD-MRKT-3'!A20 -> 0 | B23: ='CONN-BUAD-MRKT-3'!B20 -> 0 | C23: ='CONN-BUAD-MRKT-3'!C20 -> 0 | D23: ='CONN-BUAD-MRKT-3'!E20 -> 0 | F23: D'S------ | H23: =D23 -> 0
A24: ='CONN-BUAD-MRKT-3'!A21 -> 0 | B24: ='CONN-BUAD-MRKT-3'!B21 -> 0 | C24: ='CONN-BUAD-MRKT-3'!C21 -> 0 | D24: ='CONN-BUAD-MRKT-3'!E21 -> 0 | F24: I'S-------- | H24: =D24 -> 0
A25: ='CONN-BUAD-MRKT-3'!A22 -> 0 | B25: ='CONN-BUAD-MRKT-3'!B22 -> 0 | C25: ='CONN-BUAD-MRKT-3'!C22 -> 0 | D25: ='CONN-BUAD-MRKT-3'!E22 -> 0 | F25: F'S------- | H25: =D25 -> 0
A26: ='CONN-BUAD-MRKT-3'!A23 -> 0 | B26: ='CONN-BUAD-MRKT-3'!B23 -> 0 | C26: ='CONN-BUAD-MRKT-3'!C23 -> 0 | D26: ='CONN-BUAD-MRKT-3'!E23 -> 0 | F26: TOTAL------ | H26: =D26 -> 0
A27: ='CONN-BUAD-MRKT-3'!A24 -> 0 | B27: ='CONN-BUAD-MRKT-3'!B24 -> 0 | C27: ='CONN-BUAD-MRKT-3'!C24 -> 0 | D27: ='CONN-BUAD-MRKT-3'!E24 -> 0 | H27: =D27 -> 0
A28: ='CONN-BUAD-MRKT-3'!A25 -> 0 | B28: ='CONN-BUAD-MRKT-3'!B25 -> 0 | C28: ='CONN-BUAD-MRKT-3'!C25 -> 0 | D28: ='CONN-BUAD-MRKT-3'!E25 -> 0 | H28: =D28 -> 0
A29: ='CONN-BUAD-MRKT-3'!A26 -> 0 | B29: ='CONN-BUAD-MRKT-3'!B26 -> 0 | C29: ='CONN-BUAD-MRKT-3'!C26 -> 0 | D29: ='CONN-BUAD-MRKT-3'!E26 -> 0 | H29: =D29 -> 0
A30: ='CONN-BUAD-MRKT-3'!A27 -> 0 | B30: ='CONN-BUAD-MRKT-3'!B27 -> 0 | C30: ='CONN-BUAD-MRKT-3'!C27 -> 0 | D30: ='CONN-BUAD-MRKT-3'!E27 -> 0 | H30: =D30 -> 0
A31: ='CONN-BUAD-MRKT-3'!A28 -> 0 | B31: ='CONN-BUAD-MRKT-3'!B28 -> 0 | C31: ='CONN-BUAD-MRKT-3'!C28 -> 0 | D31: ='CONN-BUAD-MRKT-3'!E28 -> 0 | H31: =D31 -> 0
A32: ='CONN-BUAD-MRKT-3'!A29 -> 0 | B32: ='CONN-BUAD-MRKT-3'!B29 -> 0 | C32: ='CONN-BUAD-MRKT-3'!C29 -> 0 | D32: ='CONN-BUAD-MRKT-3'!E29 -> 0 | H32: =D32 -> 0
A33: ='CONN-BUAD-MRKT-3'!A30 -> 0 | B33: ='CONN-BUAD-MRKT-3'!B30 -> 0 | C33: ='CONN-BUAD-MRKT-3'!C30 -> 0 | D33: ='CONN-BUAD-MRKT-3'!E30 -> 0 | H33: =D33 -> 0
A34: ='CONN-BUAD-MRKT-3'!A31 -> 0 | B34: ='CONN-BUAD-MRKT-3'!B31 -> 0 | C34: ='CONN-BUAD-MRKT-3'!C31 -> 0 | D34: ='CONN-BUAD-MRKT-3'!E31 -> 0 | H34: =D34 -> 0
A35: ='CONN-BUAD-MRKT-3'!A32 -> 0 | B35: ='CONN-BUAD-MRKT-3'!B32 -> 0 | C35: ='CONN-BUAD-MRKT-3'!C32 -> 0 | D35: ='CONN-BUAD-MRKT-3'!E32 -> 0 | H35: =D35 -> 0
A36: ='CONN-BUAD-MRKT-3'!A33 -> 0 | B36: ='CONN-BUAD-MRKT-3'!B33 -> 0 | C36: ='CONN-BUAD-MRKT-3'!C33 -> 0 | D36: ='CONN-BUAD-MRKT-3'!E33 -> 0 | H36: =D36 -> 0
A37: ='CONN-BUAD-MRKT-3'!A34 -> 0 | B37: ='CONN-BUAD-MRKT-3'!B34 -> 0 | C37: ='CONN-BUAD-MRKT-3'!C34 -> 0 | D37: ='CONN-BUAD-MRKT-3'!E34 -> 0 | H37: =D37 -> 0
A38: ='CONN-BUAD-MRKT-3'!A35 -> 0 | B38: ='CONN-BUAD-MRKT-3'!B35 -> 0 | C38: ='CONN-BUAD-MRKT-3'!C35 -> 0 | D38: ='CONN-BUAD-MRKT-3'!E35 -> 0 | H38: =D38 -> 0
... A48: ='CONN-BUAD-MRKT-3'!A45 -> 0 | B48: ='CONN-BUAD-MRKT-3'!B45 -> 0 | C48: ='CONN-BUAD-MRKT-3'!C45 -> 0 | D48: ='CONN-BUAD-MRKT-3'!E45 -> 0 | H48: =D48 -> 0
A49: ADD STUDENTS | H49: ADD STUDENTS
A50: 1
A51: 2
A52: 3
A53: 4
A54: 5
A56: UNITY UNIVERSITY
A57: ADAMA CAMPUS
A58: OFFICE OF REGISTRAR
A59: GRADE SUBMISSION FORM
A60: Year II Semester II 2023 | G60: =A60 -> Year II Semester II 2023
A61: COURSE TITLE: Linear Algebra | G61: =A61 -> COURSE TITLE: Linear Algebra
A62: COURSE NO: Math 2022 | G62: =A62 -> COURSE NO: Math 2022
A63: SECTION: COSC/R/14-3 | G63: =A63 -> SECTION: COSC/R/14-3
A64: INSTRUCTOR: DESTA | G64: =A64 -> INSTRUCTOR: DESTA
A65: S.N | B65: STUDENTS NAME | D65: ID.NO | E65: GRADE | H65: ID.NO | I65: GRADE
A66: ='CONN-BUAD-MRKT-3'!A61 -> 1 | B66: ='CONN-BUAD-MRKT-3'!B61 -> 0 | C66: ='CONN-BUAD-MRKT-3'!C61 -> 0 | D66: ='CONN-BUAD-MRKT-3'!E61 -> 04597/14 | H66: =D66 -> 04597/14
A67: ='CONN-BUAD-MRKT-3'!A62 -> 2 | B67: ='CONN-BUAD-MRKT-3'!B62 -> 0 | C67: ='CONN-BUAD-MRKT-3'!C62 -> 0 | D67: ='CONN-BUAD-MRKT-3'!E62 -> 04599/14 | H67: =D67 -> 04599/14
A68: ='CONN-BUAD-MRKT-3'!A63 -> 3 | B68: ='CONN-BUAD-MRKT-3'!B63 -> 0 | C68: ='CONN-BUAD-MRKT-3'!C63 -> 0 | D68: ='CONN-BUAD-MRKT-3'!E63 -> 04584/14 | H68: =D68 -> 04584/14
A69: ='CONN-BUAD-MRKT-3'!A64 -> 4 | B69: ='CONN-BUAD-MRKT-3'!B64 -> 0 | C69: ='CONN-BUAD-MRKT-3'!C64 -> 0 | D69: ='CONN-BUAD-MRKT-3'!E64 -> 04590/14 | F69: Grade Summary | H69: =D69 -> 04590/14
A70: ='CONN-BUAD-MRKT-3'!A65 -> 5 | B70: ='CONN-BUAD-MRKT-3'!B65 -> 0 | C70: ='CONN-BUAD-MRKT-3'!C65 -> 0 | D70: ='CONN-BUAD-MRKT-3'!E65 -> 04605/14 | F70: A+'S------ | H70: =D70 -> 04605/14
A71: ='CONN-BUAD-MRKT-3'!A66 -> 6 | B71: ='CONN-BUAD-MRKT-3'!B66 -> 0 | C71: ='CONN-BUAD-MRKT-3'!C66 -> 0 | D71: ='CONN-BUAD-MRKT-3'!E66 -> 04633/14 | F71: A'S | H71: =D71 -> 04633/14
A72: ='CONN-BUAD-MRKT-3'!A67 -> 7 | B72: ='CONN-BUAD-MRKT-3'!B67 -> 0 | C72: ='CONN-BUAD-MRKT-3'!C67 -> 0 | D72: ='CONN-BUAD-MRKT-3'!E67 -> 04627/14 | F72: B+'S----- | H72: =D72 -> 04627/14
A73: ='CONN-BUAD-MRKT-3'!A68 -> 8 | B73: ='CONN-BUAD-MRKT-3'!B68 -> 0 | C73: ='CONN-BUAD-MRKT-3'!C68 -> 0 | D73: ='CONN-BUAD-MRKT-3'!E68 -> 04587/14 | F73: B'S------- | H73: =D73 -> 04587/14
A74: ='CONN-BUAD-MRKT-3'!A69 -> 9 | B74: ='CONN-BUAD-MRKT-3'!B69 -> 0 | C74: ='CONN-BUAD-MRKT-3'!C69 -> 0 | D74: ='CONN-BUAD-MRKT-3'!E69 -> 04586/14 | F74: C+'S----- | H74: =D74 -> 04586/14
A75: ='CONN-BUAD-MRKT-3'!A70 -> 10 | B75: ='CONN-BUAD-MRKT-3'!B70 -> 0 | C75: ='CONN-BUAD-MRKT-3'!C70 -> 0 | D75: ='CONN-BUAD-MRKT-3'!E70 -> 04606/14 | F75: C'S------ | H75: =D75 -> 04606/14
A76: ='CONN-BUAD-MRKT-3'!A71 -> 11 | B76: ='CONN-BUAD-MRKT-3'!B71 -> 0 | C76: ='CONN-BUAD-MRKT-3'!C71 -> 0 | D76: ='CONN-BUAD-MRKT-3'!E71 -> 04593/14 | F76: NG'S----- | H76: =D76 -> 04593/14
A77: ='CONN-BUAD-MRKT-3'!A72 -> 12 | B77: ='CONN-BUAD-MRKT-3'!B72 -> 0 | C77: ='CONN-BUAD-MRKT-3'!C72 -> 0 | D77: ='CONN-BUAD-MRKT-3'!E72 -> 04629/14 | F77: D'S------ | H77: =D77 -> 04629/14
A78: ='CONN-BUAD-MRKT-3'!A73 -> 13 | B78: ='CONN-BUAD-MRKT-3'!B73 -> 0 | C78: ='CONN-BUAD-MRKT-3'!C73 -> 0 | D78: ='CONN-BUAD-MRKT-3'!E73 -> 04589/14 | F78: I'S-------- | H78: =D78 -> 04589/14
A79: ='CONN-BUAD-MRKT-3'!A74 -> 14 | B79: ='CONN-BUAD-MRKT-3'!B74 -> 0 | C79: ='CONN-BUAD-MRKT-3'!C74 -> 0 | D79: ='CONN-BUAD-MRKT-3'!E74 -> 04595/14 | F79: F'S------- | H79: =D79 -> 04595/14
A80: ='CONN-BUAD-MRKT-3'!A75 -> 15 | B80: ='CONN-BUAD-MRKT-3'!B75 -> 0 | C80: ='CONN-BUAD-MRKT-3'!C75 -> 0 | D80: ='CONN-BUAD-MRKT-3'!E75 -> 04581/14 | F80: TOTAL------ | H80: =D80 -> 04581/14
A81: ='CONN-BUAD-MRKT-3'!A76 -> 16 | B81: ='CONN-BUAD-MRKT-3'!B76 -> 0 | C81: ='CONN-BUAD-MRKT-3'!C76 -> 0 | D81: ='CONN-BUAD-MRKT-3'!E76 -> 04583/14 | H81: =D81 -> 04583/14
A82: ='CONN-BUAD-MRKT-3'!A77 -> 17 | B82: ='CONN-BUAD-MRKT-3'!B77 -> 0 | C82: ='CONN-BUAD-MRKT-3'!C77 -> 0 | D82: ='CONN-BUAD-MRKT-3'!E77 -> 04534/14 | H82: =D82 -> 04534/14
A83: ='CONN-BUAD-MRKT-3'!A78 -> 18 | B83: ='CONN-BUAD-MRKT-3'!B78 -> 0 | C83: ='CONN-BUAD-MRKT-3'!C78 -> 0 | D83: ='CONN-BUAD-MRKT-3'!E78 -> 04626/14 | H83: =D83 -> 04626/14
A84: ='CONN-BUAD-MRKT-3'!A79 -> 19 | B84: ='CONN-BUAD-MRKT-3'!B79 -> 0 | C84: ='CONN-BUAD-MRKT-3'!C79 -> 0 | D84: ='CONN-BUAD-MRKT-3'!E79 -> 04608/14 | H84: =D84 -> 04608/14
A85: ='CONN-BUAD-MRKT-3'!A80 -> 20 | B85: ='CONN-BUAD-MRKT-3'!B80 -> 0 | C85: ='CONN-BUAD-MRKT-3'!C80 -> 0 | D85: ='CONN-BUAD-MRKT-3'!E80 -> 04612/14 | H85: =D85 -> 04612/14
A86: ='CONN-BUAD-MRKT-3'!A81 -> 21 | B86: ='CONN-BUAD-MRKT-3'!B81 -> 0 | C86: ='CONN-BUAD-MRKT-3'!C81 -> 0 | D86: ='CONN-BUAD-MRKT-3'!E81 -> 04625/14 | H86: =D86 -> 04625/14
A87: ='CONN-BUAD-MRKT-3'!A82 -> 22 | B87: ='CONN-BUAD-MRKT-3'!B82 -> 0 | C87: ='CONN-BUAD-MRKT-3'!C82 -> 0 | D87: ='CONN-BUAD-MRKT-3'!E82 -> 04603/14 | H87: =D87 -> 04603/14
A88: ='CONN-BUAD-MRKT-3'!A83 -> 23 | B88: ='CONN-BUAD-MRKT-3'!B83 -> 0 | C88: ='CONN-BUAD-MRKT-3'!C83 -> 0 | D88: ='CONN-BUAD-MRKT-3'!E83 -> 05107/14 | H88: =D88 -> 05107/14
A89: ='CONN-BUAD-MRKT-3'!A84 -> 24 | B89: ='CONN-BUAD-MRKT-3'!B84 -> 0 | C89: ='CONN-BUAD-MRKT-3'!C84 -> 0 | D89: ='CONN-BUAD-MRKT-3'!E84 -> 04594/14 | H89: =D89 -> 04594/14
A90: ='CONN-BUAD-MRKT-3'!A85 -> 25 | B90: ='CONN-BUAD-MRKT-3'!B85 -> 0 | C90: ='CONN-BUAD-MRKT-3'!C85 -> 0 | D90: ='CONN-BUAD-MRKT-3'!E85 -> 04634/14 | H90: =D90 -> 04634/14
A91: ='CONN-BUAD-MRKT-3'!A86 -> 26 | B91: ='CONN-BUAD-MRKT-3'!B86 -> 0 | C91: ='CONN-BUAD-MRKT-3'!C86 -> 0 | D91: ='CONN-BUAD-MRKT-3'!E86 -> 04601/14 | H91: =D91 -> 04601/14
A92: ='CONN-BUAD-MRKT-3'!A87 -> 27 | B92: ='CONN-BUAD-MRKT-3'!B87 -> 0 | C92: ='CONN-BUAD-MRKT-3'!C87 -> 0 | D92: ='CONN-BUAD-MRKT-3'!E87 -> 04585/14 | H92: =D92 -> 04585/14
... A106: ='CONN-BUAD-MRKT-3'!A101 -> ADD STUDENTS | B106: ='CONN-BUAD-MRKT-3'!B101 -> 0 | C106: ='CONN-BUAD-MRKT-3'!C101 -> 0 | D106: ='CONN-BUAD-MRKT-3'!E101 -> 0 | H106: =D106 -> 0
A107: ='CONN-BUAD-MRKT-3'!#REF! -> #REF! | B107: ='CONN-BUAD-MRKT-3'!#REF! -> #REF! | C107: ='CONN-BUAD-MRKT-3'!#REF! -> #REF! | D107: ='CONN-BUAD-MRKT-3'!#REF! -> #REF! | H107: =D107 -> #REF!
A108: ='CONN-BUAD-MRKT-3'!#REF! -> #REF! | B108: ='CONN-BUAD-MRKT-3'!#REF! -> #REF! | C108: ='CONN-BUAD-MRKT-3'!#REF! -> #REF! | D108: ='CONN-BUAD-MRKT-3'!#REF! -> #REF! | H108: =D108 -> #REF!
A109: ='CONN-BUAD-MRKT-3'!#REF! -> #REF! | B109: ='CONN-BUAD-MRKT-3'!#REF! -> #REF! | C109: ='CONN-BUAD-MRKT-3'!#REF! -> #REF! | D109: ='CONN-BUAD-MRKT-3'!#REF! -> #REF! | H109: =D109 -> #REF!
A110: ='CONN-BUAD-MRKT-3'!#REF! -> #REF! | B110: ='CONN-BUAD-MRKT-3'!#REF! -> #REF! | C110: ='CONN-BUAD-MRKT-3'!#REF! -> #REF! | D110: ='CONN-BUAD-MRKT-3'!#REF! -> #REF! | H110: =D110 -> #REF!
A111: ='CONN-BUAD-MRKT-3'!#REF! -> #REF! | B111: ='CONN-BUAD-MRKT-3'!#REF! -> #REF! | C111: ='CONN-BUAD-MRKT-3'!#REF! -> #REF! | D111: ='CONN-BUAD-MRKT-3'!#REF! -> #REF! | H111: =D111 -> #REF!
A112: ='CONN-BUAD-MRKT-3'!#REF! -> #REF! | B112: ='CONN-BUAD-MRKT-3'!#REF! -> #REF! | C112: ='CONN-BUAD-MRKT-3'!#REF! -> #REF! | D112: ='CONN-BUAD-MRKT-3'!#REF! -> #REF! | H112: =D112 -> #REF!
A113: ='CONN-BUAD-MRKT-3'!#REF! -> #REF! | B113: ='CONN-BUAD-MRKT-3'!#REF! -> #REF! | C113: ='CONN-BUAD-MRKT-3'!#REF! -> #REF! | D113: ='CONN-BUAD-MRKT-3'!#REF! -> #REF! | H113: =D113 -> #REF!
A114: ='CONN-BUAD-MRKT-3'!#REF! -> #REF! | B114: ='CONN-BUAD-MRKT-3'!#REF! -> #REF! | C114: ='CONN-BUAD-MRKT-3'!#REF! -> #REF! | D114: ='CONN-BUAD-MRKT-3'!#REF! -> #REF! | H114: =D114 -> #REF!
A115: ='CONN-BUAD-MRKT-3'!#REF! -> #REF! | B115: ='CONN-BUAD-MRKT-3'!#REF! -> #REF! | C115: ='CONN-BUAD-MRKT-3'!#REF! -> #REF! | D115: ='CONN-BUAD-MRKT-3'!#REF! -> #REF! | H115: =D115 -> #REF!
A116: ='CONN-BUAD-MRKT-3'!#REF! -> #REF! | B116: ='CONN-BUAD-MRKT-3'!#REF! -> #REF! | C116: ='CONN-BUAD-MRKT-3'!#REF! -> #REF! | D116: ='CONN-BUAD-MRKT-3'!#REF! -> #REF! | H116: =D116 -> #REF!
A117: ='CONN-BUAD-MRKT-3'!#REF! -> #REF! | B117: ='CONN-BUAD-MRKT-3'!#REF! -> #REF! | C117: ='CONN-BUAD-MRKT-3'!#REF! -> #REF! | D117: ='CONN-BUAD-MRKT-3'!#REF! -> #REF! | H117: =D117 -> #REF!
A118: ADD STUDENTS | H118: ADD STUDENTS
A119: 1
A120: 2
A121: 3
A122: 4
A123: 5
...
